Tem,Wind,Hum,Pres,PM10,PM2.5,O3,NO2,CO,SO2,Pat
21.6,2.3,66.8,1005.7,23,14,0.014,0.034,0.4,0.004,9
19.4,3.2,58.6,1002.1,32,15,0.019,0.024,0.4,0.004,21
16.3,2.4,49.1,1008.1,22,10,0.02,0.02,0.3,0.003,2
17.4,1.7,54.6,1010.2,33,19,0.013,0.039,0.5,0.004,14
20,1.9,48,1011.8,27,15,0.011,0.039,0.5,0.004,7
22.8,2.5,65.9,1009.6,7,4,0.017,0.016,0.2,0.003,11
20,2.3,83.4,1003.9,6,6,0.01,0.023,0.3,0.004,13
21.1,2.2,71,1003.5,31,20,0.012,0.037,0.4,0.005,9
18.1,5,57.5,1001.8,45,16,0.02,0.019,0.3,0.004,9
16.4,2.7,53.8,1009.2,26,10,0.024,0.022,0.3,0.004,6
18.3,2.4,63.6,1008.7,39,22,0.013,0.039,0.5,0.004,14
12,2.9,79.4,1007.4,21,12,0.01,0.022,0.4,0.003,12
11.2,1.8,53.1,1011.7,18,8,0.016,0.022,0.3,0.003,11
12.4,1.8,55.5,1017.9,30,16,0.006,0.039,0.5,0.004,4
13.6,1.8,54.8,1018.5,30,17,0.007,0.044,0.5,0.004,13
14.6,2.2,59.1,1015.5,25,15,0.009,0.037,0.5,0.004,3
16.2,2.8,50.3,1009.7,14,7,0.017,0.021,0.3,0.003,9
15.9,3.8,46.1,1013,16,8,0.019,0.021,0.3,0.003,11
16.2,2.9,49.1,1010.6,21,13,0.016,0.029,0.4,0.003,10
13.1,3.2,50.8,1007.7,38,16,0.017,0.026,0.4,0.004,15
9.3,3.8,41.9,1007.3,42,17,0.021,0.016,0.3,0.004,6
10,1.9,50.5,1007.3,44,21,0.013,0.03,0.4,0.003,5
11.4,2,56.3,1011.7,48,27,0.014,0.04,0.5,0.004,1
11.6,1.4,65.5,1014.1,59,34,0.007,0.056,0.7,0.005,15
12.7,2.6,71.3,1012.8,67,35,0.012,0.044,0.6,0.005,11
10.5,2,58.9,1014.8,26,16,0.014,0.03,0.5,0.004,7
11.7,1.7,54.9,1015.8,42,23,0.007,0.049,0.6,0.005,10
14.8,1.5,50.8,1015,52,30,0.009,0.057,0.7,0.005,33
11.6,1.6,79.8,1012.7,47,28,0.006,0.053,0.6,0.005,15
12.6,1.8,70.3,1013.6,51,30,0.012,0.037,0.6,0.005,41
12.3,1.8,64.3,1015.4,60,36,0.008,0.051,0.7,0.006,49
12.2,2.3,77.5,1008.9,61,31,0.006,0.055,0.7,0.006,33
12.2,4,52.9,1008.3,58,28,0.019,0.021,0.4,0.005,36
9,1.6,43.4,1015.9,34,20,0.003,0.047,0.4,0.004,23
11.6,2.4,62.1,1010.2,27,15,0.004,0.04,0.4,0.004,12
2.6,2.8,32.9,1011.8,27,10,0.018,0.017,0.2,0.003,67
3.4,2.7,36.1,1011.3,20,11,0.015,0.02,0.3,0.003,42
4.8,1.7,43.5,1012.4,37,18,0.005,0.043,0.4,0.004,20
6.7,1.9,55.1,1010.2,48,26,0.003,0.055,0.6,0.006,26
8.2,1.8,78.3,1010.2,65,36,0.004,0.048,0.6,0.006,30
7,2.6,72,1006.6,72,36,0.005,0.049,0.7,0.005,15
1.1,5.2,53.6,1004.1,15,7,0.013,0.014,0.2,0.003,46
1.1,4.4,53.9,1006.3,21,10,0.011,0.018,0.2,0.003,34
1.5,3.2,38.8,1010.2,21,10,0.011,0.02,0.2,0.004,35
2.6,2.4,48.8,1013.4,23,12,0.008,0.029,0.3,0.005,40
4.6,1.9,57.9,1014.6,56,31,0.006,0.049,0.8,0.007,28
7.1,1.7,64.6,1013.3,97,52,0.006,0.065,1.1,0.009,18
7.3,3.5,74.3,1003.4,90,45,0.01,0.044,0.6,0.007,4
4.7,6.1,64.6,996.5,17,7,0.013,0.021,0.3,0.004,38
2.1,2.5,60.9,1006.1,26,12,0.008,0.032,0.4,0.004,48
0,3.4,66.8,1004.8,18,9,0.01,0.024,0.3,0.004,40
-3.8,2.9,48.9,1009.9,50,8,0.012,0.019,0.2,0.003,30
-0.7,1.8,52.9,1009.6,44,12,0.007,0.034,0.4,0.004,37
5.3,2.4,56.9,1009.8,46,21,0.004,0.05,0.6,0.005,16
4.5,2.1,66.9,1010.7,52,26,0.007,0.042,0.6,0.005,911
3.9,1.4,64.3,1010.7,63,32,0.002,0.064,1,0.006,770
6.7,1.6,62.6,1009.7,74,34,0.005,0.054,0.8,0.011,671
5.5,1.8,72.8,1010.2,103,55,0.003,0.068,0.9,0.009,599
5.5,2.4,73.4,1008.1,118,60,0.003,0.053,1,0.008,580
3,2.7,42.6,1009.6,24,10,0.011,0.025,0.3,0.005,598
6.2,1.9,60.8,1011.9,30,17,0.007,0.037,0.4,0.006,351
4.2,2.8,75.3,1012.2,44,24,0.002,0.043,0.6,0.004,10
3.8,3.1,83.1,1000.3,33,20,0.005,0.035,0.5,0.004,757
0.3,3.2,56.1,1003.8,37,24,0.01,0.027,0.4,0.005,644
-1.7,3.9,64.1,1002.9,22,13,0.01,0.026,0.3,0.004,532
-3.2,2.7,69.9,1006.4,25,16,0.007,0.03,0.4,0.004,562
-6.8,2.4,47.5,1012.9,35,10,0.011,0.021,0.3,0.003,542
-4.9,1.5,65.4,1016,27,15,0.005,0.043,0.5,0.004,344
-4.4,1.9,48.1,1020.9,28,15,0.01,0.035,0.4,0.003,6
-3.6,1.8,52.6,1019.1,50,32,0.004,0.058,0.7,0.004,815
-0.3,1.5,52.4,1016.3,53,34,0.004,0.055,0.7,0.006,691
2.2,2.4,65.1,1011.9,26,17,0.005,0.043,0.5,0.005,652
-3.5,4,60.6,1009.9,30,17,0.013,0.02,0.3,0.004,602
-4,2.6,56.3,1011.7,87,58,0.01,0.032,0.5,0.008,621
-3.1,1.8,56.4,1016.4,86,51,0.01,0.044,0.6,0.006,351
-2.1,1.9,57.5,1018.5,44,26,0.007,0.046,0.5,0.005,10
-1.1,2.2,57.1,1016.9,34,21,0.01,0.039,0.4,0.004,834
-1.6,1.7,58,1019.4,60,36,0.004,0.059,0.7,0.005,810
-0.5,1.8,60.4,1016.9,67,40,0.004,0.065,0.8,0.006,8
-0.5,2.6,67.8,1009.5,62,34,0.006,0.052,0.7,0.006,736
-6.8,3.4,49.5,1010.9,47,26,0.014,0.02,0.3,0.005,644
-6.5,2.5,44.1,1010.9,18,10,0.012,0.026,0.3,0.003,339
-2.9,2.1,59.8,1009.9,26,16,0.005,0.047,0.5,0.004,8
2.2,2.9,55.4,1005.1,78,37,0.004,0.06,0.9,0.011,908
3.8,3.6,58.8,1001.6,103,34,0.004,0.047,0.6,0.012,740
4,3.7,51.3,1003.6,112,21,0.007,0.036,0.4,0.007,215
1.5,2,35.4,1010.4,49,16,0.008,0.038,0.5,0.005,151
2.3,2.5,54.4,1006.9,52,24,0.003,0.059,0.7,0.006,159
-0.1,2.4,47.1,1008.8,41,19,0.007,0.033,0.4,0.004,84
-0.8,1.9,48.4,1013.1,39,20,0.006,0.038,0.5,0.004,2
0.8,1.6,50.4,1017.3,61,34,0.004,0.056,0.7,0.007,166
3,1.7,56,1014.6,75,41,0.002,0.064,0.8,0.009,149
0.5,3.3,56.6,1010.9,55,29,0.01,0.032,0.4,0.006,100
-7.8,3.6,26.3,1017.9,17,5,0.02,0.015,0.2,0.003,105
-4.7,2,48.6,1020.6,30,16,0.006,0.04,0.4,0.005,118
-1.7,1.9,44.1,1020.4,47,26,0.006,0.054,0.7,0.006,84
-2.4,3.4,43.5,1017.6,50,22,0.014,0.034,0.5,0.006,2
-6.2,2.9,26,1021.8,24,10,0.015,0.024,0.3,0.003,157
-4.3,2.2,33.8,1022.2,37,19,0.009,0.039,0.4,0.005,122
-2.9,1.7,42,1021.7,50,26,0.009,0.043,0.5,0.006,115
0.1,1.9,59.9,1018.1,85,45,0.003,0.064,0.9,0.008,116
-0.1,1.6,55.9,1015.9,99,51,0.007,0.056,0.9,0.008,138
-2.2,3.1,42.4,1016.9,51,21,0.018,0.02,0.4,0.007,76
-1.5,3.2,83.3,1008.6,58,26,0.007,0.036,0.6,0.006,158
-5.5,2.4,62.6,1014.5,95,58,0.013,0.026,0.6,0.01,128
-3.9,1.6,60,1018,91,54,0.008,0.048,0.8,0.009,130
-0.8,2.1,65.6,1015.7,54,33,0.005,0.058,0.8,0.009,98
3,2.6,64.4,1010.3,60,35,0.002,0.061,0.9,0.009,133
4.2,2.4,74.4,1006.2,45,25,0.005,0.04,0.7,0.008,98
-2.1,2.7,42.1,1016.9,31,15,0.018,0.021,0.3,0.005,1
0.2,2.6,48,1013.4,36,18,0.004,0.048,0.6,0.007,177
1.5,2.9,52.8,1013.8,26,10,0.012,0.029,0.3,0.005,149
2.2,2.2,40.1,1011.1,37,17,0.005,0.05,0.6,0.006,111
4,3,66.1,1005.4,36,16,0.012,0.032,0.4,0.006,2
4.9,3.4,63.8,1005,22,11,0.004,0.039,0.4,0.005,2
-3.5,4.3,38.5,1007,55,8,0.021,0.014,0.3,0.004,12
-7.4,3.4,25.9,1014.6,31,8,0.024,0.014,0.3,0.004,7
-4.8,2,27.5,1018.1,36,15,0.017,0.029,0.5,0.006,5
-1.3,1.7,29.8,1015.5,40,19,0.009,0.043,0.6,0.006,3
2.4,4.8,47.3,1010,15,8,0.015,0.028,0.4,0.005,10
0.2,4.3,79.4,1006.8,8,5,0.018,0.02,0.3,0.004,2
-0.1,2.5,55,1015.1,21,14,0.018,0.028,0.4,0.004,14
0.2,3.2,42.1,1015.9,16,10,0.017,0.03,0.4,0.004,9
1.2,2.5,49.3,1017.8,19,12,0.011,0.036,0.5,0.005,5
1.9,2.2,46.1,1019.6,21,13,0.015,0.034,0.4,0.005,11
2.7,3.1,47.3,1017.4,16,11,0.017,0.03,0.4,0.004,1
2.7,2.7,54.6,1016.5,28,17,0.014,0.039,0.6,0.005,5
4.2,2,45.5,1016.5,68,35,0.019,0.042,0.6,0.009,11
2.5,3.5,45.9,1016.3,18,10,0.023,0.023,0.3,0.005,9
2.1,2.6,48.6,1015.7,26,15,0.013,0.035,0.4,0.004,8
1.2,2.8,61.5,1016.5,58,31,0.017,0.037,0.5,0.007,6
0.9,2.6,49.1,1019.5,63,33,0.021,0.038,0.6,0.007,7
2.2,2.1,49.3,1020.5,84,45,0.021,0.047,0.8,0.008,2
4.1,2.3,58,1018.8,147,70,0.016,0.054,1,0.013,9
5.7,2,59.9,1017.9,159,73,0.011,0.069,1.1,0.012,6
8.4,1.9,44.9,1013.6,122,61,0.014,0.066,1,0.011,5
7.7,2.8,55.4,1010,105,50,0.016,0.06,0.9,0.01,2
6.7,2.3,58.8,1011,102,50,0.018,0.046,0.7,0.009,13
6,2.6,61.1,1008,87,39,0.012,0.051,0.6,0.009,3
5.2,2,34.4,1016,53,23,0.017,0.046,0.5,0.008,14
6.3,2.9,48,1011.8,75,32,0.018,0.062,0.8,0.011,5
1.4,4.4,44.8,1013,32,13,0.03,0.015,0.3,0.005,2
0.3,3.6,43.4,1016.5,29,14,0.021,0.021,0.3,0.005,5
-0.6,3.8,45.9,1019.1,26,11,0.023,0.02,0.3,0.005,4
2,2.5,55,1014.1,37,17,0.014,0.038,0.4,0.006,4
1.5,3,50.4,1015.8,35,16,0.016,0.034,0.4,0.005,12
4.5,2.8,65,1015.2,48,24,0.008,0.05,0.5,0.007,11
6.9,1.5,75.8,1006.9,35,17,0.005,0.053,0.6,0.007,5
5.2,4,54.5,1003.6,41,24,0.028,0.021,0.4,0.005,5
3.4,3.6,54.6,1008.5,56,34,0.025,0.036,0.4,0.005,12
6.8,4,66.8,1008.4,86,38,0.024,0.04,0.5,0.008,10
12.6,3.5,79,1006.7,61,27,0.017,0.045,0.6,0.007,9
10.5,3.5,75.3,1004.8,115,31,0.023,0.033,0.5,0.006,6
9.6,2.9,65.5,1006.3,111,33,0.014,0.046,0.5,0.006,6
6.3,3.2,71.3,1003.7,63,23,0.021,0.03,0.4,0.006,7
5.9,3.4,52.5,1009.5,27,13,0.026,0.021,0.3,0.005,7
8.6,2.5,63.5,1012.8,52,22,0.019,0.041,0.4,0.007,3
10.9,3.5,60.5,1011.8,49,25,0.021,0.047,0.5,0.007,7
14.6,2.7,75.9,1004.6,49,26,0.019,0.035,0.3,0.006,8
15.4,2.8,64.6,1000.1,61,30,0.018,0.045,0.5,0.007,6
13.5,2.8,68.9,1006.3,84,37,0.013,0.063,0.6,0.01,7
16.6,2.6,57.3,1006.4,105,43,0.034,0.038,0.6,0.008,5
15,2.5,73.4,998.7,48,24,0.021,0.04,0.4,0.006,6
14.5,2.3,49.3,1005.8,59,27,0.015,0.052,0.6,0.006,7
15.6,2.4,33.8,1005.6,63,25,0.016,0.055,0.6,0.007,12
15.5,2.7,30,1006.4,54,24,0.021,0.051,0.5,0.008,2
10.2,3.1,63,1003.2,51,24,0.018,0.041,0.4,0.007,6
6.6,3.4,52.6,1003,19,9,0.026,0.019,0.3,0.004,6
6.2,3,60.5,1003.9,37,16,0.022,0.024,0.3,0.005,3
10.3,3.4,64.9,1008,63,19,0.019,0.037,0.4,0.007,10
11.9,2.6,60.9,1007.7,53,19,0.019,0.045,0.4,0.007,6
10.3,3,85.3,1007.1,65,28,0.013,0.05,0.5,0.006,3
12.5,2.4,71.5,1008.4,56,26,0.017,0.045,0.5,0.006,7
13.6,2.8,69.5,1008.7,64,29,0.016,0.046,0.5,0.008,14
14.3,1.7,68.8,1007.3,66,29,0.011,0.051,0.5,0.007,4
16.3,2.7,53.3,1009.7,62,30,0.016,0.056,0.5,0.007,5
12.9,3.2,80.1,1009,70,32,0.013,0.05,0.5,0.007,6
14,1.8,81,1005.5,145,59,0.014,0.051,0.7,0.009,4
14.7,1.9,67.4,1003,84,38,0.021,0.048,0.6,0.007,2
15.9,2.6,59.9,1005.4,59,33,0.021,0.036,0.4,0.005,11
14,4.5,56,1009.3,39,22,0.023,0.021,0.3,0.004,7
15.1,3,55.1,1005.1,48,23,0.031,0.03,0.4,0.006,5
16,2.8,43.1,1005.2,48,23,0.034,0.041,0.5,0.006,7
17.2,2.5,49.4,1007.6,75,40,0.037,0.051,0.6,0.009,5
18.6,2,49,1011.1,98,54,0.039,0.044,0.6,0.007,7
19,2.2,32.5,1012.7,58,41,0.028,0.064,0.6,0.007,9
18.7,2.4,38.9,1012.2,48,31,0.028,0.055,0.4,0.007,4
13.6,4.6,91.6,1004,12,8,0.029,0.021,0.2,0.004,11
15,4,69.5,1000.3,13,9,0.041,0.019,0.2,0.004,6
16.1,2.1,62.1,999.9,23,13,0.039,0.022,0.2,0.005,5
16,3.2,60.5,1003.3,47,26,0.034,0.035,0.3,0.006,9
15.7,3.6,70.9,1002.4,73,42,0.037,0.034,0.4,0.007,9
13.1,3.9,54.6,1008.3,23,15,0.035,0.018,0.3,0.004,10
15.7,3.8,48.3,1002.6,40,21,0.036,0.035,0.3,0.006,12
14.5,4.2,83.9,1000.6,31,21,0.034,0.027,0.3,0.005,7
16.8,2,60.8,1007.6,40,25,0.026,0.039,0.5,0.005,4
20.5,2.1,43.4,1009.8,32,23,0.033,0.04,0.4,0.005,4
16.4,5.2,79.1,995.2,38,29,0.045,0.023,0.4,0.005,8
19.2,4,69.9,996.9,86,41,0.053,0.034,0.5,0.009,6
19.6,3.5,59.1,992,71,18,0.067,0.027,0.4,0.01,10
18.2,4,66.9,990.9,44,12,0.045,0.024,0.3,0.005,5
19,2.9,50.3,998.3,48,14,0.032,0.035,0.4,0.008,4
20,2.3,48,1001.9,50,18,0.038,0.043,0.4,0.008,4
20,2.3,55.1,1002.4,52,26,0.029,0.046,0.4,0.007,11
21.5,2.2,45.4,996.4,68,30,0.036,0.036,0.3,0.007,7
20.1,3.7,65.3,996.6,52,25,0.033,0.028,0.2,0.006,9
20.9,2.5,63.4,1001.8,45,29,0.034,0.043,0.4,0.007,2
22,2.9,68.4,1007.5,66,40,0.034,0.043,0.4,0.007,3
21.3,2.3,68.8,1006.7,63,37,0.034,0.04,0.4,0.008,7
19.4,4,67.4,992.3,73,15,0.04,0.031,0.4,0.006,11
22.8,4.2,49.5,989.9,141,43,0.059,0.037,0.4,0.009,9
24,2.5,60.8,990.3,157,40,0.071,0.042,0.5,0.008,6
23.2,2.8,54.6,996.9,115,50,0.055,0.045,0.5,0.009,10
24.8,2.1,42.5,1000.2,65,25,0.036,0.056,0.4,0.008,7
26.2,2.6,50.3,1002.5,103,43,0.051,0.053,0.4,0.009,4
24.7,1.9,58.1,1001.8,80,37,0.057,0.028,0.2,0.007,2
22.6,2.2,73.5,998.1,77,37,0.019,0.046,0.3,0.006,5
18.7,3.5,95.3,996.2,24,15,0.024,0.022,0.2,0.005,2
22.8,4.3,61.5,995.5,18,11,0.044,0.012,0.1,0.004,3
22.9,2.9,58.8,995,17,11,0.038,0.018,0.2,0.004,9
23.5,2.4,65.1,994.8,33,20,0.031,0.035,0.2,0.006,9
22.9,2.3,70.8,999.4,36,24,0.028,0.03,0.2,0.005,15
23.6,2.1,72,999.5,28,19,0.03,0.029,0.2,0.005,9
20.5,1.9,87.1,996.4,19,12,0.02,0.029,0.2,0.005,6
21.2,2.8,73.9,992.4,23,16,0.025,0.025,0.2,0.005,6
21.3,2.9,79,993.9,50,33,0.03,0.034,0.3,0.005,7
22.5,3.3,71.6,997.1,36,23,0.044,0.029,0.2,0.007,2
23.9,2.5,66.4,995.9,33,22,0.029,0.035,0.2,0.007,14
24.5,1.9,71.8,994.7,62,44,0.045,0.037,0.3,0.007,4
24.4,3,71.3,994.4,49,36,0.05,0.028,0.3,0.006,7
22.5,3.5,79.3,996,46,31,0.029,0.026,0.3,0.005,4
24.2,1.6,76.5,997.9,46,31,0.031,0.027,0.3,0.005,7
23.1,2.7,80.9,998,23,18,0.033,0.023,0.2,0.005,6
21,1.4,91.4,996.2,25,17,0.017,0.04,0.4,0.006,12
22.9,2.4,74.6,996.4,36,22,0.029,0.031,0.3,0.006,6
23.8,2.3,74.1,998.4,46,31,0.033,0.035,0.3,0.006,9
24.4,2.4,68,997.4,41,29,0.038,0.028,0.3,0.006,3
24.1,2.8,74.8,995.1,29,19,0.031,0.024,0.2,0.005,5
23.8,3.8,71.6,992.8,33,23,0.051,0.021,0.2,0.005,2
25.3,2.7,68,998.4,29,20,0.039,0.029,0.3,0.006,9
26,2.1,67.8,999.8,39,28,0.049,0.031,0.3,0.006,12
25.7,2.5,77.3,997.1,67,42,0.043,0.029,0.4,0.007,9
22.6,2.8,85.5,992,19,13,0.026,0.02,0.3,0.005,8
26.8,2.4,62.1,996.5,18,12,0.034,0.023,0.2,0.005,3
25.7,2.1,70.4,1000,29,19,0.028,0.039,0.3,0.006,5
27.1,2.3,61.4,995.6,31,20,0.043,0.03,0.3,0.005,15
25.9,1.9,73,996.7,25,17,0.025,0.033,0.3,0.006,6
27.6,2.2,78.3,992.3,20,12,0.011,0.027,0.3,0.005,12
28.9,2.9,57.9,986,25,14,0.028,0.019,0.3,0.005,5
27.1,4,63.4,990.5,53,35,0.058,0.026,0.4,0.007,8
25.3,3.2,74.3,993.8,65,47,0.053,0.022,0.4,0.007,4
26.4,3.3,70.8,997.9,68,48,0.049,0.024,0.4,0.006,7
26.8,2.4,69.4,999.9,81,56,0.05,0.026,0.4,0.005,4
26.6,2.7,68.4,1000,47,32,0.041,0.026,0.3,0.006,8
25.9,3.1,75.9,1001.2,19,14,0.025,0.024,0.3,0.006,9
26.1,2.6,80.5,1001.5,14,12,0.024,0.029,0.2,0.006,5
27,2.4,79.8,1002.3,43,29,0.021,0.027,0.3,0.007,6
27.3,3,73.9,998.7,47,33,0.023,0.026,0.3,0.007,8
25.9,4.4,83.9,996.6,17,11,0.007,0.017,0.2,0.005,9
23.6,3.2,90,995.4,16,11,0.012,0.034,0.3,0.006,9
21.9,2,92.8,997.1,10,8,0.021,0.032,0.3,0.005,10
27.5,2.9,81.9,994.2,15,8,0.011,0.026,0.3,0.005,3
22.6,6.4,86.1,996.9,32,21,0.042,0.02,0.3,0.005,6
26.6,1.9,71.6,998.8,53,38,0.042,0.032,0.4,0.005,8
26.5,2.5,68.4,999.5,37,25,0.039,0.03,0.3,0.006,8
28.6,2.2,70.6,1000.6,25,16,0.024,0.027,0.2,0.005,4
28.6,2.1,75.9,1000.2,23,17,0.014,0.03,0.2,0.006,9
30.2,2.6,63.4,997.7,14,9,0.018,0.024,0.2,0.005,11
31.4,3.9,55,992.4,12,6,0.019,0.016,0.2,0.005,2
26.4,2.1,93,989.3,9,6,0.018,0.022,0.2,0.005,9
26.6,3.2,87.5,994.2,45,32,0.031,0.027,0.2,0.006,3
24.4,2.2,92.4,996.1,40,25,0.027,0.036,0.3,0.006,7
24.7,1.5,91.1,996.8,38,23,0.013,0.04,0.3,0.006,8
26.1,3.8,62.3,998.3,17,10,0.027,0.02,0.2,0.005,4
23.7,2.2,78.4,992.2,21,14,0.025,0.022,0.2,0.005,14
25.8,2.7,77.8,994.7,52,39,0.056,0.024,0.3,0.006,9
24.2,2.1,75.3,998.9,66,46,0.016,0.039,0.3,0.007,3
22.3,2,78.6,999.5,24,18,0.024,0.028,0.2,0.005,5
26.1,1.8,73.9,1000.1,34,22,0.034,0.028,0.4,0.006,5
22.3,3.1,90,999.5,10,6,0.024,0.02,0.4,0.005,10
22.3,1.5,96.6,1000.2,14,9,0.012,0.033,0.5,0.005,9
24.8,1.1,86,1000.6,28,17,0.01,0.041,0.5,0.006,9
23.1,2.4,96.5,997,14,8,0.014,0.029,0.4,0.006,3
24.7,3.1,83.4,1000.5,62,45,0.037,0.032,0.6,0.007,12
25.9,3,71.8,997.4,39,27,0.03,0.022,0.5,0.005,4
25.4,2.5,71.4,1001.2,11,7,0.033,0.022,0.4,0.005,8
24.6,2.8,66.8,1005.3,8,5,0.022,0.019,0.4,0.005,3
25.1,2.2,65.3,1006.3,16,9,0.027,0.024,0.4,0.005,4
25.2,1.8,71.9,1005.2,22,14,0.025,0.032,0.5,0.005,11
24.6,1.9,71.6,1004.6,18,13,0.03,0.024,0.4,0.005,4
24.1,1.5,72.5,1003.9,26,18,0.026,0.038,0.5,0.005,19
23.1,2.5,73.6,1001.9,18,11,0.015,0.031,0.5,0.005,8
19.1,3.4,99.8,993.1,7,4,0.02,0.022,0.4,0.004,5
22.4,2.5,79.4,998.3,14,9,0.024,0.026,0.4,0.005,8
23.8,2.1,76,1002.7,24,17,0.026,0.034,0.5,0.006,10
25.2,1.8,66.9,1002.1,30,22,0.035,0.028,0.4,0.006,7
22.4,1.5,60.6,1000.6,23,14,0.03,0.03,0.4,0.005,3
23.3,1.8,61.1,1003,32,21,0.029,0.031,0.4,0.005,11
21.3,2.1,74.9,1003.6,34,22,0.014,0.044,0.5,0.005,10
23.1,2.3,60.9,1004.9,19,12,0.023,0.026,0.4,0.005,7
23.1,2.2,64.9,1003.5,25,17,0.042,0.02,0.4,0.005,11
21.3,2.1,43.8,1005.5,35,20,0.031,0.035,0.3,0.006,6
20.2,1.5,52.3,1006.3,42,19,0.012,0.039,0.3,0.005,9
20.6,2,56.5,1007.6,20,12,0.014,0.033,0.3,0.005,7
21.4,1.7,55,1004.5,25,16,0.018,0.04,0.3,0.006,8
21.6,2,52.5,1004.1,28,18,0.027,0.037,0.3,0.005,5
21.4,2,57.5,1008.7,25,18,0.021,0.037,0.3,0.005,13
23,2.5,52.1,1007,20,14,0.025,0.03,0.2,0.004,5
20.3,2.6,77.9,999.7,14,10,0.02,0.026,0.2,0.005,4
22.2,1.7,66.9,1003.2,19,14,0.022,0.036,0.3,0.006,12
21,2.6,78.1,1006.3,22,14,0.015,0.032,0.3,0.005,9
21.4,2.6,79,1006.7,28,17,0.023,0.031,0.3,0.005,9
19.4,1.3,99,1003.7,39,23,0.009,0.036,0.3,0.005,12
18.9,3.1,72.5,1006.9,18,10,0.016,0.019,0.3,0.005,8
19.2,2.6,68.6,1006.8,23,13,0.019,0.025,0.3,0.005,17
18.1,2.2,89,999.7,31,18,0.01,0.037,0.4,0.005,18
16.9,3.4,62,1009.6,18,12,0.017,0.023,0.3,0.005,9
16.6,1.7,57,1008.3,17,11,0.023,0.024,0.2,0.004,19
16.1,2.4,64.8,1011.6,28,18,0.015,0.036,0.3,0.005,14
16.7,1.5,61.5,1011.9,32,22,0.015,0.049,0.5,0.005,9
19,3.6,63.3,1011.6,38,22,0.02,0.035,0.4,0.005,12
19.4,3.1,57.4,1012.9,26,18,0.026,0.023,0.3,0.004,7
17.4,4.7,51.9,1003.1,20,10,0.025,0.015,0.2,0.004,15
13.8,2.2,51.8,1007.3,19,11,0.016,0.021,0.3,0.004,10
13.8,2.4,60.4,1007.6,34,20,0.024,0.041,0.4,0.005,11
13.2,3.1,53.8,1008.6,45,16,0.02,0.03,0.3,0.005,8
13.6,1.9,53.8,1012.7,38,17,0.013,0.04,0.4,0.005,11
15.5,1.7,68.9,1013.6,46,22,0.009,0.048,0.5,0.006,6
14.4,2.6,97.8,1006.6,33,24,0.01,0.038,0.5,0.005,9
13.8,3.4,92.8,1007,15,10,0.01,0.029,0.4,0.004,17
13.6,3,69,1010.1,17,11,0.017,0.023,0.3,0.004,10
13.8,2.1,67.8,1010.7,34,21,0.008,0.044,0.5,0.005,13
15.1,1.8,78,1010.1,46,29,0.008,0.049,0.6,0.006,7
16.5,1.9,81.1,1009.9,53,32,0.01,0.046,0.6,0.007,5
10.7,3,35.3,1013.2,47,15,0.021,0.024,0.3,0.005,18
10.2,1.4,43.4,1015.7,68,27,0.007,0.05,0.5,0.005,8
12.1,1.7,46.4,1016,67,35,0.005,0.069,0.8,0.007,7
14.2,1.5,45.8,1013.8,69,39,0.004,0.079,1,0.008,13
15,2.4,62.1,1008.2,52,28,0.007,0.059,0.7,0.007,14
17.3,2.2,63.4,1002.8,43,26,0.015,0.04,0.4,0.006,20
9.3,3.1,40.9,1008.6,43,14,0.017,0.023,0.3,0.005,64
11.3,1.9,60.5,1011.6,33,15,0.008,0.041,0.5,0.006,40
12.4,1.9,65.6,1010.4,37,20,0.009,0.046,0.6,0.006,36
13.5,2.1,61,1010.2,65,32,0.018,0.039,0.6,0.008,26
9.8,1.9,52.5,1014.9,59,22,0.007,0.042,0.5,0.006,36
9.9,1.4,61.9,1014.3,71,35,0.003,0.05,0.7,0.007,13
10,2.3,46.3,1013.4,63,28,0.018,0.03,0.4,0.006,1
9.4,1.7,49.9,1012.2,60,30,0.01,0.051,0.7,0.007,40
9.4,1.9,67.4,1006.2,76,43,0.007,0.058,0.8,0.007,49
6,5.4,50.6,1003.8,46,17,0.023,0.014,0.3,0.005,41
-0.2,3.7,38.5,1013,92,8,0.022,0.016,0.2,0.004,31
4.2,2.2,54,1014.5,33,16,0.011,0.038,0.4,0.006,42
4.1,2.1,38.3,1018.9,35,18,0.013,0.031,0.4,0.006,16
6.2,2.3,75.5,1014,34,24,0.016,0.028,0.5,0.005,61
5,2.2,53.4,1017.6,36,22,0.016,0.031,0.4,0.005,35
5.6,1.6,55.4,1017.1,57,30,0.008,0.051,0.7,0.006,35
7.9,1.8,61.9,1014.4,69,35,0.006,0.059,0.9,0.007,36
11.3,2.8,62.5,1012.3,64,31,0.007,0.056,0.7,0.008,32
11,1.9,90.9,1013.5,48,27,0.006,0.049,0.6,0.006,14
9,2,80,1015.1,67,35,0.01,0.033,0.6,0.006,1
9.8,1.3,59.8,1010.3,71,37,0.003,0.044,0.7,0.007,42
10.2,4.2,56,1007.5,32,16,0.014,0.029,0.4,0.006,43
11,2.8,58.8,1008.3,31,17,0.015,0.035,0.5,0.005,39
10.4,1.9,69.9,1012.3,54,26,0.003,0.054,0.8,0.007,38
8.8,3.7,88,1004.8,26,16,0.004,0.04,0.5,0.005,32
8.3,2.1,83.9,1010.1,20,11,0.009,0.029,0.5,0.005,15
9.1,3.2,88.1,1002.4,16,9,0.009,0.028,0.5,0.005,2
-1.1,6.1,58.8,1004.4,51,9,0.022,0.012,0.3,0.004,1670
-5.4,4.6,42.3,1011.5,102,9,0.017,0.017,0.3,0.004,622
-3.3,1.9,70.6,1009.4,25,11,0.014,0.026,0.4,0.005,592
-4.6,2.7,43,1009.6,51,12,0.017,0.022,0.4,0.005,570
-6.6,3.6,45.5,1010.8,32,9,0.019,0.018,0.3,0.005,540
-5.6,2.8,47.5,1013.6,36,10,0.021,0.016,0.3,0.005,369
-3.4,1.6,43.9,1016.1,49,19,0.005,0.039,0.6,0.006,7
-1.6,2.6,48.4,1019.7,43,20,0.012,0.034,0.6,0.006,802
-2.4,1.5,44.1,1024.3,53,25,0.008,0.046,0.7,0.007,690
1.6,1.9,58.8,1014.2,49,25,0.002,0.056,0.8,0.007,627
-1.5,3.4,64.8,1012.8,55,26,0.012,0.026,0.5,0.006,612
-3.8,2,70.4,1012.3,42,22,0.011,0.034,0.5,0.006,619
-5.2,3.2,45.8,1015.9,32,14,0.018,0.017,0.4,0.006,335
-3.6,1.5,60.5,1018.5,36,19,0.008,0.034,0.5,0.006,7
-0.1,2.8,90.6,1013.5,53,28,0.002,0.044,0.7,0.006,783
-4.9,4.9,58.9,1008.9,34,17,0.015,0.021,0.4,0.006,626
-9,4.9,41,1014.3,20,6,0.02,0.014,0.3,0.005,561
-8.3,2.3,39.9,1023,30,15,0.013,0.033,0.5,0.005,600
-3.8,3.4,54.5,1017.5,44,24,0.002,0.055,0.7,0.006,632
-1.7,3.8,66,1010.8,31,16,0.014,0.028,0.4,0.005,310
-6.4,2.2,58.5,1012.7,20,10,0.014,0.019,0.3,0.005,11
-4.7,2.2,64.6,1013.5,33,20,0.005,0.044,0.6,0.005,739
-1.3,2.6,67.1,1014.7,45,26,0.003,0.062,0.8,0.007,785
1.7,2.8,66.8,1011.3,62,31,0.011,0.049,0.7,0.008,665
-2.6,2.5,52,1017.3,30,15,0.021,0.017,0.3,0.005,13
-3.2,1.9,45.6,1019.9,39,19,0.009,0.038,0.4,0.006,804
-1.8,1.7,46.8,1019.3,57,31,0.004,0.056,0.7,0.007,343
-0.8,2.2,64.1,1011.4,60,34,0.002,0.065,0.8,0.007,8
2.9,2.3,73.1,1004.3,126,71,0.004,0.058,0.8,0.011,873
1.9,2.6,62.8,1006.5,122,56,0.007,0.048,0.8,0.009,730
-1.9,3.8,47.4,1007.6,40,14,0.015,0.029,0.4,0.006,645
-7.7,4.6,41.4,1013.6,80,9,0.018,0.01,0.2,0.005,236
-6,3.2,45.9,1014.6,31,13,0.016,0.019,0.3,0.005,137
-2.7,1.9,56.1,1012.7,42,21,0.005,0.043,0.5,0.007,82
2.5,2,70.1,1007.7,49,25,0.004,0.049,0.6,0.007,4
3.7,2.4,73.1,1006.2,87,41,0.003,0.057,0.8,0.008,202
-3.2,4.3,52.4,1006.4,41,16,0.02,0.02,0.3,0.005,154
-5.5,2.5,33.1,1012,38,11,0.019,0.021,0.2,0.006,110
-5.1,2.2,45.8,1015.2,50,19,0.012,0.033,0.3,0.005,118
-2.1,2,58.3,1014.4,52,27,0.008,0.045,0.5,0.007,153
-0.3,2.3,56.5,1012.8,42,20,0.011,0.04,0.4,0.007,68
-0.4,3.6,57.8,1013.5,50,22,0.019,0.021,0.3,0.007,3
-2.7,1.8,37.8,1023.8,45,22,0.01,0.041,0.4,0.006,169
0.2,1.8,39.6,1023.3,61,29,0.004,0.059,0.6,0.007,143
2.5,1.5,41.1,1016.1,86,38,0.002,0.062,0.7,0.009,118
2.8,2.1,53.6,1011.7,65,30,0.006,0.054,0.5,0.008,122
0.8,4,73,1009.5,91,44,0.012,0.034,0.5,0.007,118
-4.1,3.8,46,1017.8,40,17,0.02,0.021,0.2,0.005,75
-1.3,2.3,68.4,1011.5,38,18,0.008,0.038,0.4,0.005,7
-0.1,3.2,68.1,1012.2,70,32,0.018,0.024,0.4,0.006,143
-0.9,1.9,55.8,1016.8,52,25,0.008,0.045,0.4,0.006,142
2.6,2,58.3,1011.4,65,31,0.004,0.056,0.6,0.007,113
3.1,1.5,60.6,1008.6,44,22,0.008,0.045,0.5,0.007,104
1.2,2.6,66.4,1011.5,45,23,0.008,0.045,0.5,0.007,149
3.7,1.8,62.9,1015.2,59,30,0.01,0.049,0.5,0.007,73
3,3.5,78.4,1013.1,65,32,0.006,0.043,0.5,0.006,2
3.6,2.6,87.5,1009.4,43,26,0.013,0.033,0.5,0.005,149
-3.6,3.7,55.4,1014.3,55,24,0.02,0.02,0.4,0.005,119
-4.1,2.3,49.3,1018.4,51,18,0.012,0.034,0.4,0.005,101
-1.1,2.3,56.4,1016.1,55,25,0.002,0.048,0.5,0.006,107
-3.3,3.8,51.8,1015.4,44,18,0.017,0.023,0.3,0.006,120
-4.5,2.6,46.4,1021.2,46,18,0.016,0.027,0.3,0.005,69
-3,1.9,44.9,1022.2,36,16,0.012,0.035,0.3,0.005,1
-0.6,1.5,47.3,1020.9,45,22,0.005,0.053,0.5,0.006,5
0.6,2.1,54.5,1018,65,31,0.004,0.065,0.6,0.009,2
0.4,2,64.5,1012.1,89,44,0.012,0.061,0.7,0.01,3
-0.1,3,57.1,1012.7,102,52,0.023,0.039,0.5,0.011,6
0.4,2.2,57.3,1014.9,58,28,0.016,0.043,0.4,0.008,5
1.2,2.6,65.3,1010.4,53,24,0.014,0.045,0.4,0.008,4
-5.7,3.1,54.6,1015.9,47,17,0.015,0.029,0.3,0.007,9
1.7,2.8,69,1006.8,116,45,0.007,0.051,0.6,0.013,10
2.7,2.5,60.3,1002.6,105,45,0.014,0.048,0.5,0.01,4
-2.2,4.2,36.8,1004.1,40,11,0.027,0.019,0.2,0.007,7
-1.6,3.1,46.4,1009.2,36,15,0.02,0.03,0.2,0.007,5
2,2.2,72.9,1010.4,67,30,0.007,0.059,0.5,0.008,7
5,3.5,91.9,1003.8,48,26,0.015,0.041,0.4,0.006,16
1.9,3.5,78.5,1005.8,73,36,0.023,0.025,0.4,0.007,12
5.7,3.4,79,1007.3,26,15,0.009,0.043,0.3,0.006,11
0.9,3,60.4,1009.7,709,79,0.018,0.024,0.2,0.005,14
2.1,2.3,60,1008.6,126,25,0.021,0.033,0.3,0.006,7
5.4,2.9,48.6,1007.7,85,25,0.018,0.046,0.4,0.007,5
1.2,4.9,56.9,1008.9,38,14,0.026,0.02,0.2,0.006,5
-1.3,3.2,35.6,1017,32,14,0.024,0.022,0.2,0.006,10
2.7,2,40.5,1015.8,50,22,0.007,0.048,0.3,0.007,5
2.4,3.7,56.8,1009,115,27,0.023,0.024,0.3,0.006,1
3.9,2.8,43.5,1008.5,103,23,0.016,0.041,0.3,0.007,13
2.8,3.4,69.5,1002.4,57,21,0.017,0.041,0.3,0.007,9
-2.1,5.3,43.4,1010.9,47,15,0.03,0.014,0.2,0.006,4
-0.3,1.9,41.1,1016,44,25,0.018,0.035,0.4,0.006,7
2.9,2.3,37.8,1013.4,50,25,0.008,0.053,0.6,0.008,8
4.2,2.3,45.5,1013.3,51,24,0.017,0.047,0.5,0.007,5
2.2,5.4,43.4,1010,77,27,0.031,0.023,0.3,0.008,5
-3.4,5.9,30.6,1013.9,36,9,0.027,0.015,0.2,0.006,5
0.4,4.5,45.1,1009.3,48,16,0.023,0.029,0.4,0.007,7
2.1,4,41,1008.9,36,12,0.023,0.028,0.3,0.006,4
5.6,3,45.4,1008.7,49,18,0.027,0.027,0.3,0.007,7
4.3,2.3,31.4,1012.9,43,17,0.02,0.037,0.4,0.007,1
9.8,2,44.4,1010.1,105,38,0.012,0.062,0.4,0.009,13
10.7,1.8,51.9,1007.3,141,58,0.005,0.08,0.6,0.012,8
10.7,4,61.5,1001.5,88,37,0.016,0.041,0.5,0.008,5
12.4,2.5,50.9,1003.5,62,26,0.018,0.043,0.4,0.008,6
13.4,2.5,32.5,1007,111,32,0.016,0.055,0.6,0.009,5
11.7,2.7,31,1005.5,199,50,0.03,0.052,0.6,0.013,6
4.6,4.2,24.3,1015.1,62,12,0.033,0.017,0.2,0.006,4
5.4,2.6,32.8,1020.2,47,15,0.019,0.035,0.3,0.007,4
6.5,2.5,45.9,1023.8,47,19,0.015,0.045,0.3,0.007,5
7.9,3.1,47.5,1022.6,50,19,0.019,0.047,0.4,0.008,8
9.1,2.6,50.5,1015.8,61,23,0.017,0.054,0.4,0.009,6
9.7,2.8,35,1008,51,21,0.023,0.054,0.4,0.009,7
13.2,2.6,57.4,1007.9,174,43,0.018,0.05,0.5,0.008,14
12.9,2.2,80.6,1004.7,121,50,0.019,0.048,0.5,0.008,5
12.9,4.1,67.9,1005.1,22,15,0.025,0.025,0.3,0.006,10
14.8,5,70.5,994.2,23,12,0.023,0.023,0.3,0.006,3
10.6,2.8,83.4,996.3,30,18,0.011,0.034,0.5,0.007,5
13.5,4.3,48,1003.5,14,8,0.029,0.021,0.2,0.006,4
10.3,2.7,55.8,1008,63,20,0.018,0.028,0.3,0.006,7
8.4,2.6,59.5,1013,43,15,0.019,0.024,0.2,0.006,1
8.3,2.9,52.5,1015.1,31,15,0.023,0.027,0.2,0.006,6
9.6,2.3,43,1014.2,51,24,0.017,0.048,0.4,0.007,6
11.6,2.8,40.5,1012.3,59,25,0.025,0.045,0.4,0.008,8
13.5,2.5,39.3,1014.7,70,30,0.022,0.049,0.4,0.008,4
12,5.9,53.9,1007.8,29,14,0.043,0.016,0.2,0.005,12
6.9,2.7,89.9,998.5,19,13,0.033,0.027,0.3,0.006,5
11.1,2.9,72,998.1,46,25,0.032,0.035,0.4,0.007,7
9.9,3.6,69.5,997.9,88,28,0.021,0.042,0.4,0.007,2
10.5,3.7,45.4,1006.2,79,16,0.021,0.039,0.3,0.007,2
15.2,1.9,31.9,1005,64,16,0.013,0.054,0.4,0.008,7
12.2,3.2,75.3,997.5,15,7,0.031,0.027,0.3,0.006,6
14,2.9,46,1005.2,48,19,0.02,0.046,0.4,0.008,3
14.2,3,47,1008,75,31,0.033,0.043,0.4,0.009,4
14.5,3.5,41.1,1010.3,68,30,0.027,0.045,0.4,0.008,5
15.7,3.2,38.3,1009.2,78,29,0.044,0.032,0.3,0.008,3
15.9,2.7,31.3,1009.6,68,19,0.018,0.048,0.4,0.008,1
18.5,2.8,39.3,1006.1,69,30,0.039,0.04,0.4,0.01,8
20.3,2.1,38.6,1002.9,47,22,0.026,0.045,0.3,0.008,3
17,2.9,77,1002.2,45,23,0.017,0.035,0.3,0.007,5
21.2,2.2,56.6,1002.7,32,17,0.024,0.037,0.3,0.007,2
21,2.5,58.8,1003.3,43,21,0.029,0.044,0.3,0.008,5
20.7,2.1,64.4,1001.7,36,20,0.025,0.035,0.3,0.008,8
16.1,4.2,45.9,998.9,56,13,0.028,0.019,0.2,0.006,5
15.4,2.4,36.3,1001.6,52,13,0.026,0.043,0.3,0.008,8
16.5,2.6,35.6,1002.3,46,16,0.024,0.047,0.3,0.007,4
16.7,2.5,64.3,1002.8,57,26,0.025,0.041,0.3,0.008,4
17.6,3,55,1002.7,42,19,0.04,0.025,0.2,0.007,4
18.4,3,62.1,999.2,47,18,0.025,0.033,0.3,0.006,8
13.3,6.4,75.9,989.6,42,16,0.035,0.021,0.4,0.006,5
17.4,5.3,56.9,993.6,74,21,0.044,0.028,0.4,0.007,8
20.4,3.3,63.8,996.7,61,26,0.04,0.034,0.4,0.008,2
19.1,2.7,71,998.7,106,43,0.035,0.028,0.5,0.007,4
18,3,41.3,1000.1,63,26,0.035,0.037,0.4,0.007,2
17.7,3.2,53.9,994.9,50,24,0.025,0.042,0.4,0.007,11
14.8,3.6,88.9,996,61,32,0.032,0.03,0.4,0.006,4
16.3,3.1,60,998.5,49,24,0.029,0.024,0.3,0.006,4
18.7,3.7,50.1,1003.2,53,28,0.033,0.037,0.4,0.009,5
20,2.9,45.3,1003.6,64,34,0.038,0.043,0.4,0.01,5
20.6,2.5,38.5,1001,53,28,0.034,0.043,0.4,0.008,2
21.5,2.7,48.9,1001.4,47,28,0.026,0.042,0.4,0.008,9
23.2,2,32.9,1000,44,28,0.03,0.049,0.4,0.007,2
24.3,2.2,27.1,998.7,46,28,0.033,0.046,0.4,0.007,8
23.8,2.5,36.8,997.2,55,33,0.028,0.046,0.4,0.008,6
19.8,2.9,71,995.3,45,29,0.027,0.028,0.3,0.007,6
21.7,2.6,44.6,1000,48,27,0.031,0.039,0.3,0.009,10
23.1,2.7,46.9,997.9,43,30,0.034,0.031,0.4,0.007,6
23.3,3.8,33.3,997.4,53,20,0.037,0.012,0.2,0.006,5
24.2,2.6,28.9,999.4,46,26,0.034,0.039,0.5,0.007,3
19.1,1.7,58.8,996.8,39,24,0.03,0.036,0.4,0.006,6
22.4,2.3,54.9,997.5,45,31,0.038,0.025,0.3,0.008,9
22.2,2.9,66.3,997.1,48,32,0.037,0.022,0.3,0.006,4
25.3,2.2,54.3,997.5,52,36,0.039,0.033,0.4,0.007,6
24.6,2.8,59.6,991.9,45,34,0.027,0.031,0.4,0.007,5
23.6,3.8,63.1,993.3,52,33,0.042,0.027,0.4,0.007,11
24.7,3.2,61.9,994.9,83,44,0.041,0.028,0.4,0.007,6
24.2,2.2,65.6,997.1,43,33,0.037,0.027,0.4,0.006,8
25,2.4,65.9,995.1,51,34,0.04,0.031,0.4,0.007,5
23.4,2.6,72.8,994.5,48,36,0.041,0.031,0.4,0.007,3
24.8,2.7,59.4,995.9,31,25,0.041,0.019,0.3,0.006,5
24.5,2.9,57.8,998.2,31,22,0.045,0.017,0.3,0.006,5
19.6,1.8,91,999.1,42,32,0.029,0.028,0.4,0.007,3
24,2.4,60.4,999.9,36,26,0.034,0.033,0.4,0.008,7
24.7,2.3,64.1,1000.6,41,31,0.044,0.029,0.4,0.008,7
25.7,2.5,58.3,998.6,46,35,0.045,0.033,0.4,0.008,3
24.8,2.1,65.1,993.4,46,37,0.035,0.032,0.4,0.007,8
21,3.3,75.8,988.4,17,14,0.038,0.014,0.2,0.006,6
25.2,2.2,55.3,996.1,18,15,0.037,0.018,0.2,0.006,2
25.7,2.8,61.8,996.8,30,22,0.041,0.025,0.3,0.007,10
24.4,1.7,70,988.7,37,27,0.031,0.031,0.4,0.007,5
23.7,3.8,66.3,985.8,39,28,0.039,0.022,0.3,0.007,5
23.7,4,64.5,991.2,54,40,0.051,0.021,0.5,0.007,6
23.3,3,62.6,995.4,42,30,0.033,0.025,0.4,0.007,6
24.1,2.2,55.8,999.1,35,26,0.042,0.027,0.3,0.007,10
25.3,2.2,54.3,1001.1,34,24,0.034,0.028,0.3,0.006,18
25.6,2,52.1,1000.1,37,30,0.028,0.031,0.4,0.007,6
23.4,4,69.8,1001.6,12,9,0.032,0.016,0.2,0.006,6
26.5,2.9,61.3,1004.2,16,13,0.028,0.019,0.3,0.006,6
29.2,1.9,60.9,1002.9,24,19,0.028,0.027,0.3,0.006,4
30.4,2.1,60.3,999,30,25,0.034,0.03,0.3,0.007,6
23.1,5.2,90.8,983.3,40,30,0.026,0.019,0.4,0.007,4
26.1,3.5,72.4,993.3,68,45,0.046,0.031,0.5,0.007,8
27.9,2.9,58.8,996.4,53,37,0.034,0.023,0.4,0.008,3
24.7,5,51.3,997.4,15,11,0.025,0.013,0.2,0.006,8
23.6,3.6,49.8,996.5,14,9,0.023,0.016,0.2,0.006,5
24.3,2.2,63.5,999.2,34,26,0.024,0.027,0.3,0.006,7
27.5,2.4,71.4,998.9,27,20,0.01,0.026,0.4,0.006,8
27,1.6,81.6,996.7,30,22,0.014,0.024,0.3,0.007,5
27.7,1.8,76.9,996,40,30,0.013,0.039,0.5,0.008,5
26.9,2.1,81,996.7,32,23,0.012,0.033,0.4,0.008,4
24.7,2,96.9,994.8,21,17,0.007,0.03,0.4,0.007,2
25,3.2,95.1,995.7,24,17,0.009,0.02,0.3,0.007,1
26.2,2.3,86,998.2,32,23,0.004,0.024,0.3,0.007,11
27.7,2.7,74.4,997.9,40,32,0.017,0.023,0.4,0.008,8
26.7,2.6,82.9,996.4,44,37,0.019,0.026,0.4,0.007,2
28.6,3.5,76.4,998,75,56,0.038,0.022,0.5,0.007,5
27.9,2.7,74.3,999.1,63,50,0.037,0.022,0.4,0.007,3
28.2,3.1,72.8,999.6,52,40,0.032,0.019,0.4,0.007,5
27.9,3.8,71.5,998.6,32,25,0.016,0.017,0.3,0.007,9
27.5,4.5,73.3,996.7,32,24,0.016,0.016,0.3,0.007,8
28.6,3.7,67,998.1,38,29,0.029,0.02,0.3,0.007,11
29.3,2,64.5,1001.9,40,32,0.025,0.022,0.4,0.007,6
28.9,1.4,71.3,1004.8,44,35,0.028,0.029,0.4,0.007,4
26.6,2.1,79.1,1003.5,36,23,0.02,0.025,0.4,0.008,3
27,2.3,72.1,999.6,34,26,0.023,0.018,0.3,0.006,10
26.8,2.1,73.6,997.5,62,46,0.027,0.027,0.5,0.007,5
27.3,2,67.5,994.6,53,38,0.035,0.021,0.4,0.007,6
26.5,1.9,68.6,994.8,40,30,0.022,0.03,0.4,0.006,5
26.9,2.4,66.4,995.8,41,28,0.033,0.028,0.4,0.007,5
25.8,2,74.9,997.6,69,52,0.042,0.019,0.5,0.006,1
26.6,2.2,61.5,998.4,27,20,0.035,0.02,0.3,0.006,12
27.9,2.5,59.9,1002.4,20,13,0.036,0.019,0.3,0.006,2
26.8,1.8,70.3,1003,33,22,0.023,0.034,0.4,0.007,4
25.4,1.7,75.5,999.2,36,25,0.013,0.042,0.5,0.008,6
25.2,2,78.3,994.7,27,19,0.017,0.028,0.4,0.008,5
25.5,2.5,69.8,995.4,37,26,0.04,0.024,0.4,0.007,9
26.3,3.8,60.6,997.3,27,20,0.029,0.019,0.4,0.006,6
21.7,3.2,76.4,992.7,5,3,0.019,0.012,0.2,0.006,6
21.9,2.9,68.4,995.6,9,7,0.021,0.018,0.3,0.006,4
24.7,3.1,61.1,996.9,20,11,0.033,0.021,0.3,0.006,10
23.2,1.7,69.4,998.3,30,20,0.014,0.044,0.5,0.007,5
24.4,1.7,65.8,999,31,21,0.029,0.033,0.5,0.007,3
25.9,1.9,62.9,1001.7,31,22,0.035,0.027,0.4,0.006,7
25.9,3.4,59.4,1000.4,22,16,0.035,0.017,0.3,0.006,11
23.9,2.1,72.8,1001.7,25,17,0.023,0.028,0.4,0.006,3
23.9,2.3,75.1,1001,21,13,0.03,0.022,0.4,0.006,12
24.8,2.2,68.5,1001.9,31,20,0.03,0.026,0.4,0.007,8
21.9,2.1,79.8,999.1,29,19,0.021,0.029,0.4,0.007,6
22.6,2.4,52.9,1002.8,12,8,0.024,0.02,0.3,0.006,8
22.7,3.2,43.6,1006.1,11,6,0.027,0.018,0.3,0.005,8
22.4,2.9,42.9,1006.5,12,10,0.024,0.019,0.3,0.006,4
22.4,2.4,62.3,1004,38,15,0.021,0.024,0.4,0.006,4
21,2.1,76.4,1000.2,37,24,0.02,0.027,0.6,0.006,8
19.2,1.9,60.4,999.8,20,11,0.021,0.021,0.4,0.006,7
20.2,2.6,54.1,1006.7,20,10,0.027,0.015,0.4,0.006,1
22.1,1.6,61.1,1011.3,34,22,0.019,0.037,0.6,0.007,12
22.8,2.2,48.5,1010.4,27,17,0.022,0.033,0.5,0.006,11
21.6,2.5,45.5,1008,14,8,0.029,0.022,0.4,0.006,7
21.4,3.1,46.4,1007.1,12,7,0.026,0.018,0.4,0.006,1
21.9,2.4,52.1,1006.6,19,11,0.025,0.028,0.4,0.006,11
22.3,2.4,58.3,1003.6,34,16,0.021,0.03,0.5,0.007,2
22.1,2,69,1002.3,47,33,0.029,0.03,0.6,0.007,1
22.6,1.5,62.1,1004.3,47,31,0.027,0.037,0.6,0.007,9
23.9,1.8,48.4,1005.3,40,22,0.031,0.043,0.6,0.007,8
22,1.7,57.9,1000.9,39,26,0.012,0.053,0.6,0.008,4
23.4,1.9,56.4,997.6,39,24,0.019,0.042,0.6,0.008,6
23.4,2.5,56.5,997.6,34,19,0.032,0.032,0.5,0.007,7
22.1,2.3,36.6,1013.5,22,10,0.031,0.014,0.4,0.006,2
21.3,2.6,45.3,1010.9,18,8,0.022,0.024,0.4,0.006,4
16.3,3.6,77.5,993,15,8,0.017,0.024,0.4,0.006,7
16.5,3.7,53.5,1003.5,30,12,0.025,0.032,0.4,0.006,10
18,1.9,49.4,1013.3,29,16,0.013,0.041,0.5,0.006,11
18.7,1.9,57.5,1010.8,33,17,0.014,0.044,0.5,0.007,7
19.6,1.4,67.5,1007.4,46,21,0.014,0.045,0.5,0.007,6
20.1,2.3,61.1,1001.8,55,31,0.02,0.038,0.5,0.007,11
12.8,2.2,70.9,999.7,20,11,0.022,0.023,0.4,0.006,7
12.3,2.7,56.5,1007.1,15,10,0.017,0.017,0.4,0.005,9
15,2.5,66.4,1009.7,33,17,0.015,0.038,0.5,0.007,11
17.1,1.6,64.6,1010.3,51,30,0.013,0.05,0.7,0.008,10
17.9,1.8,62.1,1009.5,57,36,0.019,0.057,0.7,0.008,8
17.5,1.8,71,1009.5,66,42,0.015,0.059,0.7,0.009,14
18.7,1.7,64.8,1010.4,60,27,0.019,0.049,0.6,0.008,7
18.1,2,67.4,1007.2,98,47,0.023,0.044,0.7,0.008,10
18.8,1.6,69.5,1007,94,37,0.023,0.041,0.6,0.008,6
17.9,1.6,72.5,1009,114,81,0.027,0.039,0.7,0.008,7
17.5,2.2,64.8,1010.3,91,49,0.011,0.039,0.6,0.007,11
17.5,2.4,69.1,1008.7,37,29,0.011,0.041,0.5,0.005,8
16.9,2.5,64.4,1008.3,33,23,0.024,0.024,0.5,0.004,6
15,2.4,66.8,1008.6,34,17,0.009,0.039,0.5,0.004,13
12.1,3.2,69.3,1001.4,40,15,0.021,0.02,0.4,0.003,5
9.9,2.5,49,1009.3,32,13,0.019,0.025,0.4,0.004,16
8.4,2.4,50.4,1012.2,26,13,0.015,0.028,0.4,0.003,9
5.4,2.6,41.8,1017.1,29,12,0.02,0.016,0.4,0.003,12
5.7,2.1,42.5,1019.2,32,16,0.013,0.03,0.5,0.003,4
7,1.6,48.4,1015.3,42,23,0.005,0.045,0.6,0.003,12
10.8,1.6,60.5,1012.6,55,29,0.009,0.046,0.7,0.003,43
11.8,1.4,67.6,1018.4,74,44,0.015,0.051,0.8,0.003,32
12.2,1.6,62,1018.1,89,57,0.01,0.066,0.9,0.003,38
13.2,1.7,63.9,1015.2,82,53,0.015,0.058,0.9,0.004,30
13.5,4.7,63.9,1015.4,51,31,0.019,0.032,0.5,0.004,42
10.5,6,91.5,1011.7,10,7,0.021,0.02,0.4,0.003,12
11.1,5.2,90.6,1006,4,3,0.022,0.017,0.4,0.003,1
10.8,2.1,87.6,1007.6,13,9,0.013,0.022,0.4,0.004,45
10,1.8,80,1013.3,46,30,0.008,0.031,0.6,0.003,34
11.6,1.6,72.4,1017.7,40,24,0.004,0.042,0.7,0.004,37
14.5,2.8,63.5,1019.1,17,10,0.006,0.033,0.5,0.004,30
11.5,4,83.8,1011,12,7,0.01,0.031,0.4,0.003,30
12.8,1.4,97.3,1004.1,10,7,0.007,0.033,0.4,0.003,12
13.4,1.8,84.5,1009.6,17,10,0.01,0.028,0.4,0.003,1
12.2,2.8,85.1,1006.7,28,17,0.002,0.034,0.6,0.003,42
13.9,1.8,69.6,1007.9,17,11,0.013,0.029,0.6,0.004,53
10.4,5.1,70.6,1010.4,9,5,0.017,0.021,0.4,0.003,47
8.9,2.6,72.8,1012.3,15,8,0.008,0.029,0.5,0.003,42
9.8,1.5,72.6,1013.6,36,22,0.009,0.032,0.6,0.002,30
9.2,1.8,55.9,1016.8,48,33,0.01,0.038,0.7,0.001,12
8.5,3.3,80.9,1014.9,9,5,0.012,0.024,0.4,0,47
5.6,3.1,69.5,1015,22,15,0.014,0.023,0.5,0,44
2.4,2.7,86.8,1008.4,11,10,0.014,0.024,0.4,0.002,24
-2.7,3.7,63.8,1005.7,32,23,0.024,0.017,0.4,0.004,27
-2.8,2.6,59.1,1014.6,37,25,0.021,0.023,0.4,0.005,35
0.1,2.1,70.8,1019.1,46,29,0.007,0.041,0.6,0.005,19
2.5,3.3,87.9,1015.7,38,27,0.004,0.035,0.6,0.004,1
4.1,2,69.1,1013.7,39,28,0.01,0.035,0.7,0.006,42
4,1.9,57.8,1014.4,54,34,0.003,0.051,0.9,0.007,1758
6,3.2,71.4,1004.8,52,30,0.006,0.042,0.8,0.007,663
-0.7,4.1,79.3,1002.9,19,11,0.016,0.02,0.4,0.004,637
-0.4,2.8,63.9,1011.2,42,16,0.015,0.027,0.4,0.004,683
3.4,3.1,51.4,1014.4,34,17,0.015,0.032,0.5,0.006,327
1.3,1.2,46.4,1018,32,19,0.011,0.034,0.5,0.005,17
1.9,1.8,51.1,1019.7,46,27,0.004,0.046,0.7,0.005,805
2.9,1.3,55.9,1021.9,50,30,0.002,0.064,1,0.007,717
7.8,2.3,74.8,1008.4,48,32,0.001,0.048,0.8,0.006,660
6.4,3.4,56.5,1008,42,25,0.013,0.032,0.6,0.007,676
5.2,2.6,50.1,1014.3,33,20,0.014,0.037,0.6,0.006,321
5.2,1.4,50.5,1013.1,45,30,0.005,0.046,0.7,0.007,9
5,2.2,75.6,1010.2,48,34,0.002,0.045,0.7,0.005,860
4.7,2.8,69.8,1008,60,42,0.011,0.027,0.5,0.006,753
-1,3.9,50.9,1008.7,29,17,0.02,0.014,0.3,0.005,678
-4.6,2.7,43.4,1017,21,14,0.016,0.016,0.2,0.003,696
-3.3,2.2,61.9,1021.9,47,28,0.005,0.041,0.6,0.005,691
-0.1,1.7,66.3,1024.3,70,47,0.004,0.048,0.8,0.007,340
1.5,1.5,56.9,1018.7,63,44,0.003,0.052,0.8,0.007,8
2.2,2.5,76,1016,55,41,0.004,0.041,0.6,0.006,813
3.1,2.4,67.9,1017.7,69,50,0.003,0.043,0.6,0.006,734
5.9,2.1,59.6,1011.6,59,44,0.006,0.047,0.7,0.007,742
1.5,2.3,67.5,1010.3,102,70,0.012,0.039,0.7,0.008,785
-0.8,2,46.3,1010.5,30,19,0.018,0.022,0.2,0.006,19
0.9,2.4,73.3,1009.8,76,48,0.012,0.032,0.5,0.006,317
-5.7,2.9,39,1019.6,33,21,0.019,0.017,0.2,0.005,3
-5.7,2.3,38.4,1022.4,26,17,0.018,0.021,0.3,0.004,891
-3.2,1.4,47.6,1022.4,60,38,0.004,0.051,0.7,0.006,857
0.3,2.5,67.6,1018.1,66,45,0.003,0.051,0.7,0.006,788
0.7,1.5,81.3,1020.1,67,52,0.007,0.04,0.6,0.006,756
1.2,1.6,73,1019.9,68,51,0.005,0.047,0.7,0.006,160
5.7,2,76.9,1012,53,37,0.007,0.044,0.5,0.006,27
2,3.1,54.4,1013.1,84,58,0.02,0.022,0.4,0.006,123
-2.7,2.3,39.4,1016.9,29,18,0.006,0.022,0.3,0.005,100
-1.7,1.8,54.3,1014.7,50,31,0.002,0.04,0.5,0.006,75
-3.4,2.5,51.8,1013.9,37,23,0.006,0.022,0.3,0.005,66
-3.3,2,49.8,1012.6,34,22,0.006,0.026,0.3,0.005,72
-2.1,2.1,57.1,1014.3,35,22,0.005,0.027,0.3,0.005,48
-3.8,2.8,38.3,1016.1,38,27,0.007,0.023,0.3,0.005,115
-5.2,2.5,46,1013.3,46,30,0.003,0.033,0.4,0.004,81
-4.5,2,63,1009.5,38,25,0.004,0.031,0.4,0.004,89
-3.4,1.7,52.1,1011,43,26,0.004,0.034,0.4,0.005,78
-0.4,1.8,52.3,1010.9,52,40,0.005,0.048,0.5,0.006,73
-0.2,2.9,68,1012.1,76,66,0.004,0.051,0.6,0.006,48
-6.3,4.8,59.8,1003.9,54,42,0.019,0.023,0.4,0.004,88
-12.8,5.4,45.9,1011.7,32,13,0.022,0.014,0.2,0.004,69
-10.5,1.8,43.6,1019.7,36,26,0.014,0.027,0.3,0.004,81
-7.1,1.8,44.3,1017.9,50,38,0.01,0.036,0.5,0.005,83
-7.6,2.6,40.5,1021.1,52,37,0.013,0.03,0.4,0.005,79
-11.5,4,42,1019.1,30,15,0.023,0.012,0.2,0.004,31
-9.4,1.9,47.1,1018,49,19,0.014,0.027,0.3,0.004,108
-3.3,2.3,64.5,1016.3,77,50,0.004,0.053,0.7,0.007,88
-1.1,2,56.3,1019,54,37,0.011,0.042,0.6,0.006,106
-0.5,1.6,51.5,1018.2,53,35,0.005,0.053,0.7,0.006,94
1.9,2.3,43.6,1014.6,49,33,0.007,0.042,0.5,0.006,74
0.6,2,59.5,1015.4,38,27,0.008,0.038,0.5,0.005,43
-3.9,3.2,34,1018.4,39,25,0.024,0.016,0.3,0.004,1
-6,3,36,1018.5,38,21,0.019,0.022,0.3,0.003,266
-5.3,2.2,41.8,1017.6,43,26,0.014,0.033,0.4,0.006,92
-2.4,1.9,49.6,1016.9,58,40,0.009,0.054,0.6,0.007,93
-0.7,2.4,50.1,1014.9,56,40,0.015,0.042,0.6,0.006,77
-2.2,2.5,39.4,1013.1,41,22,0.019,0.031,0.4,0.005,88
-3.1,2.9,38.6,1012.6,49,28,0.026,0.018,0.3,0.006,46
-2.9,2,46.5,1012,48,29,0.014,0.033,0.4,0.005,2
1.3,3.1,62.1,1004.8,73,51,0.02,0.034,0.4,0.007,1
2.7,1.6,38.5,1015.2,38,23,0.009,0.044,0.5,0.005,15
8.1,3.5,29.3,1013.7,46,29,0.006,0.054,0.6,0.006,124
8.4,3.2,95.3,1006.9,35,24,0.006,0.042,0.5,0.004,97
11,3.3,95,996.3,15,6,0.004,0.032,0.4,0.005,65
-2.6,4.6,73.1,1003.1,31,20,0.021,0.013,0.2,0.004,1
-5.8,4,48.4,1010.4,33,10,0.025,0.016,0.2,0.004,103
-2.7,2.7,65.6,1007.7,27,15,0.016,0.028,0.3,0.004,92
0,2.3,53.9,1013.5,39,14,0.014,0.033,0.3,0.005,91
3.5,3.2,66.4,1010.8,46,25,0.017,0.037,0.4,0.006,84
2.3,1.7,56.4,1016.2,83,55,0.008,0.041,0.6,0.006,85
1.3,2.9,37.1,1013.2,42,18,0.02,0.027,0.3,0.005,35
-0.6,2.9,36.4,1019.2,26,10,0.027,0.015,0.2,0.004,2
1.1,1.9,36.6,1019.4,42,18,0.011,0.038,0.3,0.004,101
0.7,3.2,56,1019,55,34,0.02,0.024,0.3,0.004,81
-3,2.9,42,1022.4,33,18,0.02,0.024,0.3,0.003,92
-0.2,2.7,49.9,1021.7,52,32,0.017,0.033,0.4,0.005,89
2.2,2.2,41.3,1017.3,53,38,0.018,0.034,0.4,0.005,83
3.3,2,57.6,1013.7,72,56,0.017,0.035,0.4,0.005,49
-3.8,4,48.6,1014.4,54,34,0.025,0.017,0.3,0.004,98
-2.7,2.5,47.3,1017.2,32,19,0.022,0.023,0.3,0.003,160
3.1,2.9,67.9,1014.1,39,24,0.015,0.036,0.3,0.004,106
8.1,1.9,65.1,1013.2,57,38,0.014,0.04,0.4,0.004,92
13.2,2.7,55.3,1013.4,70,48,0.013,0.042,0.4,0.004,85
11.3,2.6,91.3,1007.9,26,15,0.007,0.031,0.3,0.003,51
7.9,2.8,51,1009,86,22,0.023,0.016,0.3,0.003,2
8.1,2,36.9,1007.6,103,31,0.007,0.044,0.4,0.004,109
2.7,3.1,40.4,1012.3,67,22,0.023,0.018,0.3,0.004,73
0.3,3.5,37.5,1013.2,40,12,0.024,0.014,0.2,0.004,80
-1.1,3.2,37.8,1015.6,36,13,0.027,0.013,0.2,0.003,74
-0.5,2.6,43.8,1014.7,34,18,0.028,0.017,0.2,0.004,87
2,2.5,55.6,1014.1,44,21,0.019,0.032,0.3,0.004,41
3.7,1.6,68.1,1013.6,62,43,0.026,0.027,0.3,0.005,2
4.7,2.6,57,1012,63,52,0.033,0.019,0.3,0.003,111
5.2,2.2,43.4,1012.8,56,34,0.023,0.035,0.3,0.005,76
7.5,2,45.1,1011.5,62,40,0.018,0.044,0.4,0.007,87
9.3,1.4,40.9,1009.7,75,53,0.007,0.068,0.6,0.006,93
13.4,2.4,50,1002,64,47,0.019,0.048,0.5,0.006,81
11.4,2.5,58.3,1004.2,73,51,0.024,0.031,0.4,0.005,43
10.6,2.2,54,1009.9,78,55,0.021,0.035,0.4,0.006,1
9.9,2.2,54.1,1012.3,87,66,0.018,0.046,0.5,0.006,96
8,2.5,58.1,1008.7,76,63,0.02,0.042,0.4,0.005,79
8.2,2.9,49.6,1008.9,83,66,0.026,0.026,0.3,0.004,78
7.2,2.4,36.5,1013.8,37,22,0.026,0.023,0.2,0.003,71
7.1,2.2,43.9,1013,65,43,0.019,0.039,0.3,0.004,88
6.5,2.2,54.5,1010.8,64,50,0.021,0.037,0.3,0.004,39
9.8,2,47.8,1010.6,74,58,0.024,0.046,0.4,0.007,107
11.3,3.2,57.8,1007.6,98,72,0.033,0.036,0.5,0.006,71
11.5,2.2,49.9,1009.3,91,63,0.024,0.033,0.4,0.005,95
13.5,2.1,27,1006.2,48,24,0.014,0.053,0.5,0.006,81
15.3,2,26,1005,70,38,0.02,0.056,0.5,0.006,228
15,2.3,40.8,1007.9,78,53,0.027,0.049,0.5,0.007,36
10.7,1.7,75.1,1007.6,52,40,0.023,0.023,0.3,0.004,1
12.3,2.2,42.6,1003.1,27,11,0.017,0.032,0.3,0.004,99
11.4,2.5,45.1,1006.1,59,25,0.021,0.039,0.4,0.007,73
14.4,1.9,44.3,1005.2,77,49,0.02,0.049,0.5,0.007,78
14.1,3,69.5,998.7,44,29,0.025,0.027,0.3,0.004,92
11.1,2.5,76.1,1005,76,48,0.021,0.033,0.4,0.005,85
10.7,1.8,83.9,1003.8,120,78,0.014,0.039,0.5,0.005,45
13.4,2.1,71.3,1002.8,137,93,0.031,0.029,0.6,0.006,1
12.5,2.4,43.8,1008.4,43,22,0.025,0.028,0.3,0.004,107
14.1,2.3,42.6,1004.5,54,30,0.023,0.032,0.4,0.004,90
15.6,1.7,67.5,996.4,57,37,0.016,0.043,0.4,0.004,28
12.4,2.6,75.9,1002.4,58,37,0.012,0.041,0.4,0.004,91
15,2.6,46.4,1008.5,51,29,0.026,0.037,0.4,0.004,81
14.9,2.9,58.9,996.6,47,26,0.022,0.04,0.4,0.004,40
10.8,4.7,66.8,993.8,41,19,0.03,0.016,0.3,0.003,1
11.2,3.1,65.4,1003.8,60,25,0.025,0.027,0.3,0.004,103
12,2.2,55.1,1012.1,42,21,0.025,0.027,0.3,0.003,94
14.3,2.1,54,1008.3,60,35,0.017,0.045,0.4,0.005,97
13.5,2.8,87.6,996.2,24,16,0.023,0.027,0.3,0.003,82
13.5,2.6,83.4,999,84,58,0.025,0.031,0.4,0.004,83
13.5,2.1,52.1,1003.4,176,49,0.024,0.029,0.4,0.004,43
15.5,1.9,39.6,1005,119,23,0.026,0.029,0.3,0.004,1
17.2,1.7,34.8,1007.4,65,24,0.016,0.051,0.4,0.004,113
21.1,2,34.8,1004.1,70,29,0.032,0.034,0.4,0.005,83
17.2,3.6,32,999.3,44,15,0.037,0.018,0.3,0.003,78
17.2,2,34.4,997.3,51,20,0.028,0.032,0.3,0.004,92
16.2,2.5,47.6,1001.5,53,26,0.029,0.031,0.3,0.004,64
15.9,2.8,45.3,1001.4,72,42,0.039,0.03,0.4,0.007,52
18.8,2.2,40.5,1003.5,43,20,0.033,0.026,0.4,0.005,150
21.1,2.2,64.5,1001.1,43,23,0.022,0.03,0.4,0.004,105
12.9,4.9,86.1,984.5,22,10,0.023,0.018,0.3,0.003,98
15.7,5.1,46.6,993.6,49,8,0.032,0.018,0.2,0.003,112
18.9,1.7,50.8,1002.5,51,21,0.025,0.036,0.4,0.005,1
16.3,2,89.3,996.8,48,23,0.017,0.034,0.4,0.003,57
16.5,2.6,60.3,1004,98,21,0.025,0.025,0.3,0.004,33
19.4,2.1,44.8,1005.8,47,15,0.034,0.025,0.3,0.004,1
20.2,2,43,1000.6,49,19,0.034,0.027,0.3,0.005,117
14.5,2.3,82.4,997,28,12,0.028,0.019,0.3,0.003,97
16.4,2,60.9,999.4,25,10,0.027,0.023,0.2,0.004,108
17.8,2.7,62.4,1002.9,28,15,0.024,0.032,0.3,0.004,87
18.6,2.1,57,1009.4,37,22,0.031,0.023,0.3,0.004,93
20.2,2.3,47.1,1010.9,33,17,0.029,0.03,0.3,0.004,6
17.4,2.7,73.9,999.4,31,23,0.029,0.018,0.2,0.004,1
15.9,3.2,57,999.7,33,18,0.031,0.021,0.3,0.005,109
19.3,1.9,48.8,1005.7,70,45,0.032,0.037,0.4,0.008,106
22.3,1.9,40.3,1008,44,27,0.028,0.038,0.4,0.005,80
24.3,1.6,36.4,1007.2,36,20,0.027,0.039,0.3,0.004,76
24,1.8,32,1007.2,48,32,0.03,0.046,0.4,0.005,87
24.1,2,23.8,1007.9,34,26,0.038,0.033,0.3,0.003,55
23.3,2.1,43,1002.2,62,47,0.035,0.039,0.4,0.006,127
16.8,2.6,82.6,996.9,31,23,0.031,0.026,0.3,0.004,76
19.7,2.7,67.9,999.8,91,74,0.041,0.025,0.4,0.005,89
19.4,1.8,72,1000.5,111,89,0.029,0.039,0.5,0.007,82
20.9,1.7,61.3,1001.3,92,70,0.032,0.032,0.4,0.005,87
21.7,2.1,56.1,997.9,74,46,0.034,0.031,0.4,0.006,38
21.5,2.3,56.1,994.8,77,46,0.036,0.03,0.4,0.007,2
22.1,2.4,57.3,996.9,87,60,0.04,0.031,0.4,0.005,86
21.6,2.5,63.6,997.4,76,52,0.036,0.025,0.4,0.006,101
23.3,2.1,45.8,997.4,36,19,0.034,0.02,0.3,0.004,238
23.2,2.4,38.3,1000,29,12,0.033,0.027,0.3,0.004,70
22.2,2.2,48.1,1000.9,41,24,0.033,0.033,0.3,0.005,95
21.2,1.6,51.8,999.1,45,25,0.029,0.03,0.3,0.004,40
24.7,1.7,47.3,1000.5,44,27,0.037,0.024,0.3,0.004,2
23.3,2.3,49.1,1002.4,19,10,0.033,0.019,0.2,0.003,3
21.7,1.7,69.5,1000.3,41,27,0.025,0.029,0.3,0.004,128
22.1,2.3,65.9,999.7,37,23,0.022,0.028,0.3,0.004,101
24.1,2,59.5,1000.9,49,30,0.024,0.031,0.3,0.004,94
24.6,2.2,60.9,1001.6,56,37,0.028,0.037,0.4,0.006,105
23.5,1.7,74.3,1000.1,46,30,0.022,0.022,0.3,0.005,41
23.5,2.1,79.4,995.6,29,20,0.026,0.015,0.2,0.004,3
23.5,2.4,70.5,992.2,62,38,0.03,0.024,0.4,0.004,90
23.8,2.1,62.5,992.9,47,31,0.026,0.034,0.4,0.005,80
20.9,2.7,81.8,990.5,36,23,0.022,0.024,0.3,0.004,88
20.9,2.8,73.5,990.3,30,17,0.032,0.02,0.3,0.004,87
23.8,2.5,63.1,998,54,38,0.037,0.027,0.5,0.005,83
24.5,1.8,58,1001.3,66,51,0.035,0.029,0.5,0.005,40
24.7,1.7,66,996.7,48,34,0.031,0.027,0.4,0.004,99
26,1.7,60.1,996.8,62,45,0.035,0.038,0.5,0.005,87
24.3,2,75.1,995.5,70,51,0.027,0.033,0.5,0.005,84
24.7,2.1,71,995.9,44,31,0.028,0.028,0.4,0.004,81
23.1,2,75.8,989.7,63,40,0.026,0.025,0.4,0.004,77
22.8,2.8,63.1,993.1,31,16,0.027,0.024,0.3,0.005,39
24.4,2.7,58.4,998.7,28,16,0.029,0.018,0.3,0.004,1
24.4,1.6,55.5,999.8,33,19,0.023,0.034,0.4,0.006,92
24.7,1.8,61.1,1000.5,63,43,0.027,0.034,0.4,0.005,78
25.3,2.2,58,1000.3,34,23,0.026,0.031,0.4,0.005,80
24.6,2.8,78.1,999.8,27,17,0.022,0.02,0.3,0.004,92
24,2.3,86.5,994.5,14,10,0.016,0.022,0.3,0.004,246
23.5,2.4,81.4,994.9,11,6,0.027,0.018,0.2,0.004,51
21.8,3,85.1,999.4,18,15,0.02,0.021,0.3,0.003,79
23.1,2.8,93.6,999.6,9,6,0.01,0.017,0.3,0.004,79
22.9,1.9,74,1003.9,12,5,0.021,0.024,0.3,0.004,87
24,1.3,71.6,1004.4,35,24,0.022,0.037,0.4,0.006,94
27.3,1.8,66.5,999.9,52,40,0.029,0.029,0.4,0.004,82
27.7,2,64.8,996.4,30,19,0.024,0.02,0.3,0.005,35
27.9,1.8,64.4,994.7,28,18,0.027,0.023,0.3,0.006,2
28.4,1.7,67.4,994,44,35,0.034,0.028,0.4,0.006,97
26.3,2.1,65.5,992.3,28,20,0.022,0.025,0.4,0.006,93
26.3,2.1,69,991.4,23,14,0.014,0.019,0.3,0.005,94
27.5,2.1,66.9,991.7,20,12,0.027,0.018,0.3,0.004,84
26.2,2.6,60,994.2,16,5,0.023,0.017,0.3,0.004,70
20.8,3.5,92.8,990.1,8,3,0.015,0.015,0.2,0.004,44
21.7,2.6,82.9,996.9,14,8,0.018,0.015,0.3,0.005,1
24.4,1.5,75.1,1000.4,26,14,0.016,0.021,0.3,0.005,107
27.1,1.5,65.5,1001.1,34,20,0.029,0.027,0.4,0.004,87
28.6,1.9,62.5,1002.7,32,22,0.029,0.028,0.4,0.004,96
28.3,2.2,61.3,1001,28,18,0.029,0.027,0.3,0.004,85
29.1,2.2,64,999.6,33,22,0.029,0.025,0.3,0.004,86
28.7,1.9,70.4,998.9,42,29,0.024,0.024,0.3,0.005,32
28,2,77.9,1000.5,39,27,0.016,0.02,0.2,0.005,1
28.4,1.9,75.3,1000.6,46,35,0.016,0.026,0.3,0.006,95
28.4,2.6,69,997.6,32,22,0.014,0.02,0.2,0.005,91
27.6,3.2,76.4,994.6,32,24,0.016,0.02,0.3,0.005,73
28,2.8,70.6,996.1,53,43,0.037,0.02,0.4,0.004,78
26.3,1.6,82.3,999,48,33,0.017,0.035,0.4,0.004,76
28.6,2.1,73.5,1001.1,46,36,0.028,0.025,0.3,0.005,36
28.4,1.6,72,1000.4,30,21,0.015,0.021,0.2,0.004,264
27.2,1.2,72.5,999.3,26,17,0.011,0.027,0.3,0.004,93
29.1,1.6,65.4,999.1,25,15,0.025,0.026,0.3,0.004,84
30.7,1.6,59.6,999.6,26,16,0.026,0.023,0.3,0.004,73
31.2,1.8,60.1,999.6,34,25,0.036,0.025,0.3,0.004,86
30.5,1.7,64.8,998.1,55,41,0.041,0.027,0.4,0.004,34
30.5,1.8,63.1,997.5,37,26,0.027,0.018,0.3,0.004,106
29.3,1.9,68.3,998.4,30,20,0.031,0.025,0.3,0.004,95
29.4,1.9,66.3,999.9,75,59,0.031,0.027,0.4,0.005,83
30.5,2,64.1,999.9,27,17,0.023,0.017,0.2,0.004,77
30.4,2,68.3,997.8,38,27,0.023,0.02,0.3,0.004,89
30.2,2.4,67.9,996.2,34,25,0.018,0.016,0.2,0.004,33
28.9,1.9,74,994.8,35,28,0.019,0.011,0.2,0.004,4
29.1,1.9,65.5,992.1,34,22,0.027,0.015,0.3,0.004,4
29.3,1.6,64.9,991.6,42,28,0.027,0.027,0.4,0.004,118
29.9,1.9,60.4,993.6,35,22,0.032,0.021,0.3,0.004,86
29.9,1.6,61.9,995.6,49,36,0.033,0.034,0.4,0.005,78
28.9,1.4,69.5,996.6,54,43,0.029,0.037,0.4,0.005,94
30.1,1.7,59,996.4,31,21,0.029,0.022,0.3,0.004,46
30.7,2.1,58,996.1,25,18,0.03,0.021,0.3,0.004,100
28.3,2.1,68.8,996.4,29,19,0.025,0.029,0.3,0.004,82
29.1,1.8,59.1,996.9,31,21,0.025,0.027,0.3,0.005,89
27.1,1.9,70.4,995.4,26,17,0.021,0.026,0.3,0.004,82
23,3.6,57,999.1,11,5,0.027,0.013,0.2,0.003,95
23.4,3.1,43.3,999.5,10,2,0.027,0.013,0.2,0.003,60
21,2.6,62.5,995.8,10,2,0.02,0.01,0.2,0.003,1
22.2,2,54.5,992.1,13,4,0.018,0.015,0.2,0.003,114
20.6,3.3,60.4,982.4,23,7,0.019,0.014,0.2,0.003,76
17.7,3.8,85.3,981,18,6,0.013,0.019,0.3,0.003,62
23.2,3.1,71.3,990.5,52,32,0.03,0.026,0.4,0.005,238
24.2,2.7,68.5,996.8,34,23,0.028,0.023,0.3,0.004,97
23.9,1.8,73.8,998.8,20,11,0.023,0.022,0.3,0.003,50
25.6,1.5,71.3,1001,19,10,0.018,0.02,0.3,0.003,1
26.4,1.7,66.1,999.7,27,15,0.018,0.024,0.3,0.004,111
24.7,1.8,69,999,52,37,0.02,0.03,0.4,0.005,85
24.3,1.8,69.8,996.3,70,54,0.022,0.027,0.5,0.005,103
23,1.3,76.4,996.9,44,31,0.016,0.033,0.5,0.005,111
23.9,1.8,71.1,999.8,36,25,0.02,0.03,0.4,0.004,93
24.4,1.6,65.4,1002.2,34,25,0.023,0.029,0.3,0.004,55
24.5,1.7,66.3,1004.6,35,27,0.028,0.02,0.3,0.004,1
23.4,1.9,68.9,1006.4,24,17,0.014,0.025,0.3,0.003,122
24.6,1.8,62.5,1007.8,14,7,0.018,0.022,0.2,0.003,104
24.6,1.8,66.1,1007.4,27,19,0.024,0.021,0.3,0.004,5
24.6,1.5,64.9,1004.6,43,34,0.026,0.021,0.3,0.006,1
23.1,2.9,64.8,1001.5,26,20,0.025,0.012,0.2,0.004,23
23.5,3.1,53.4,1001.7,21,12,0.024,0.009,0.2,0.003,1
21.9,3.5,53.3,1003.1,11,3,0.02,0.012,0.2,0.003,142
20.6,3.1,41.1,1007,15,7,0.022,0.016,0.2,0.003,103
20.2,2,43.4,1011,30,22,0.019,0.025,0.2,0.003,100
21.9,1.8,46.3,1008.2,35,27,0.021,0.026,0.3,0.003,91
21.4,1.6,57.9,1007,39,28,0.011,0.035,0.3,0.003,90
18,2.6,59.3,1010.9,34,16,0.029,0.017,0.3,0.001,86
17.9,3,58.6,1009.7,22,10,0.019,0.026,0.3,0.002,85
18.3,1.8,59,1004.4,27,15,0.022,0.022,0.3,0.002,49
13.3,4,66.3,1006.9,10,3,0.026,0.011,0.2,0.002,1
15.1,2.4,54.8,1007.3,17,5,0.016,0.023,0.3,0.002,108
14.1,2.2,84,1001.3,16,8,0.014,0.025,0.4,0.002,87
13.3,1.4,81,1010,40,24,0.006,0.032,0.8,0.003,80
14.6,1.9,65.4,1012.7,44,24,0.009,0.032,0.6,0.003,75
14.6,2.5,61.8,1007.2,35,17,0.017,0.025,0.4,0.002,65
7.8,3,40.3,1015.6,32,15,0.023,0.016,0.3,0.003,49
7.9,1.5,31.9,1019,23,10,0.014,0.026,0.3,0.003,2
5.7,2,59.9,1016.5,29,17,0.004,0.04,0.5,0.003,117
1.5,2.7,43.6,1020.2,26,12,0.021,0.022,0.3,0.002,252
4.1,1.4,53.1,1016.7,34,17,0.009,0.041,0.5,0.003,86
9.1,1.6,62.8,1011.4,43,27,0.009,0.051,0.7,0.004,82
12.3,2.7,67,1005.6,59,37,0.022,0.044,0.6,0.005,91
15,2.2,77.4,1003.5,75,45,0.034,0.038,0.6,0.004,46
14,3.4,59.4,1013.2,31,19,0.021,0.025,0.4,0.002,2
12.8,2.8,71.3,1012.3,32,22,0.016,0.031,0.4,0.003,101
4.1,3.5,58,1014.8,64,55,0.025,0.019,0.4,0.003,104
2.1,1.9,41.1,1018.8,40,29,0.016,0.03,0.4,0.003,80
6,2,55.5,1010.4,42,29,0.003,0.049,0.6,0.003,61
9.1,2.2,63.3,1008.3,43,21,0.008,0.045,0.6,0.003,80
11.4,2.3,62.1,1011.7,67,32,0.002,0.066,1.1,0.004,39
13.2,1.7,78.5,1006.1,54,31,0.009,0.047,0.7,0.003,107
5.2,2.8,44.3,1011.3,53,20,0.022,0.021,0.4,0.003,78
5.2,1.4,44.3,1013.5,49,28,0.007,0.045,0.6,0.004,91
9.1,1.2,56.4,1014,67,43,0.004,0.059,1,0.004,78
10.3,1.9,58.4,1008.4,95,64,0.004,0.064,1,0.005,83
13,2.2,71.1,1003.9,57,36,0.01,0.049,0.7,0.004,39
9.8,2.5,48.6,1011.2,40,23,0.02,0.026,0.5,0.003,2
9.5,2.2,40.5,1008.5,56,28,0.009,0.043,0.7,0.003,102
2,3.9,43.3,1012.8,40,19,0.021,0.017,0.3,0.003,99
-1.8,3,37.5,1016.7,35,15,0.015,0.022,0.4,0.003,83
-2.5,2.1,37.8,1017,26,14,0.019,0.023,0.4,0.003,73
1,1.5,43.9,1017.3,42,28,0.012,0.042,0.7,0.004,70
0.9,2.3,69.6,1013.4,52,41,0.002,0.049,0.7,0.003,43
3.3,1.5,81.3,1011.3,76,60,0.004,0.044,0.8,0.003,1
1.4,2.5,57.9,1017.6,78,47,0.016,0.027,0.6,0.003,89
1.7,1.6,40.8,1022.5,39,25,0.007,0.047,0.7,0.004,89
6,2,59.8,1015.6,43,29,0.003,0.052,0.7,0.005,101
4.1,3.6,47.6,1016.3,43,25,0.022,0.022,0.4,0.004,253
1.6,1.8,48.4,1020.7,32,17,0.013,0.034,0.5,0.004,80
4.5,1.4,58.8,1016.2,51,35,0.006,0.056,0.9,0.004,42
5.9,3,69.1,1007.5,84,66,0.013,0.041,0.8,0.005,98
-1.1,2.5,38.5,1015.7,25,13,0.015,0.027,0.4,0.003,98
1.7,2.3,58.3,1010.9,50,31,0.004,0.051,0.7,0.005,99
2.1,1.7,70,1007.5,63,46,0.003,0.055,0.9,0.004,76
1.4,2.8,65.8,1009.8,35,26,0.016,0.028,0.5,0.003,64
-1.6,1.9,47.6,1016.5,34,23,0.014,0.032,0.5,0.004,41
-1.1,1.2,42.6,1017.8,34,24,0.01,0.041,0.6,0.004,1
2.3,1.9,37.9,1013.6,43,32,0.003,0.051,0.8,0.004,106
3.4,2,53.6,1008.9,63,47,0.008,0.048,1,0.006,93
-1.4,2.7,68.1,1009.8,50,34,0.009,0.028,0.6,0.004,75
-5,3,41.8,1013.4,33,18,0.019,0.019,0.4,0.003,74
-4.7,2.2,40.3,1017.2,32,18,0.013,0.032,0.5,0.004,64
2.7,1.8,60.1,1018,63,42,0.003,0.063,1.1,0.006,45
4.9,1.9,68.8,1018.4,58,42,0.003,0.059,1,0.005,5
7.2,2.5,66,1013.8,38,24,0.006,0.047,0.7,0.004,103
7.6,1.2,71.3,1016.5,54,38,0.004,0.056,1.1,0.005,112
7.9,3.5,75.5,1011.1,45,29,0.006,0.044,0.8,0.004,104
5.5,3.5,90.3,998.8,32,20,0.01,0.03,0.6,0.003,71
-2.5,3.6,71.1,1009.9,52,37,0.017,0.018,0.5,0.003,87
-2.4,1.8,66,1019.9,65,55,0.01,0.029,0.6,0.003,39
1,1.7,69.5,1019.3,56,46,0.005,0.039,0.9,0.003,2
2.5,1.4,73.8,1010.9,45,32,0.005,0.045,0.9,0.004,114
-2.3,3.5,54.6,1012.5,40,27,0.02,0.019,0.5,0.004,83
-3.7,1.8,49,1019.1,41,26,0.009,0.038,0.6,0.004,74
-4.2,2.8,53.1,1019.8,33,15,0.014,0.026,0.5,0.003,70
-3.9,1.3,50.9,1021.9,41,26,0.005,0.051,0.9,0.004,85
0.7,1.5,65.4,1019,61,48,0.003,0.061,1.1,0.005,35
2.7,1.5,75.9,1017.1,82,67,0.003,0.054,1,0.004,172
5,2.1,77.8,1011.8,112,87,0.016,0.046,1,0.005,111
2,1.8,61.8,1013.4,73,52,0.014,0.047,0.8,0.005,96
3.9,1.7,55,1013.2,51,35,0.009,0.058,1,0.005,83
3.8,3.1,52.3,1016.6,35,22,0.011,0.041,0.6,0.004,87
5.4,2.4,58.5,1015.9,20,11,0.013,0.04,0.5,0.004,87
4.6,1.4,64.9,1010.9,55,41,0.004,0.057,0.9,0.005,49
6.5,2.6,61.4,1003.9,30,22,0.016,0.035,0.6,0.004,2
1.5,3.3,60.8,1006.7,56,46,0.028,0.022,0.6,0.005,112
-3.7,3.2,45.1,1013.2,29,16,0.023,0.022,0.4,0.004,100
-3.8,2.1,36.4,1014.3,22,11,0.016,0.03,0.4,0.004,97
-2.2,3.1,43.1,1007.6,27,15,0.018,0.029,0.4,0.004,83
-6,2.9,47.4,1006.9,28,12,0.024,0.019,0.3,0.003,86
-8.4,3.8,33.3,1014.8,36,9,0.025,0.012,0.3,0.003,45
-6.6,2.3,35.3,1017.2,24,12,0.018,0.021,0.4,0.003,2
-3.8,1.4,37.6,1018.6,42,26,0.007,0.045,0.7,0.004,115
-2,1.5,46.6,1020.6,64,52,0.003,0.067,1.2,0.006,103
-0.5,1.3,68.9,1019.5,96,81,0.007,0.056,1.1,0.006,91
-1.2,1.6,55.4,1012.8,96,78,0.007,0.054,1,0.006,100
-4.4,3,70.3,1011.5,55,43,0.02,0.031,0.6,0.004,86
-5.2,1.6,78.1,1015.4,50,39,0.007,0.045,0.7,0.003,48
-8.9,2.2,48.4,1020.4,43,37,0.022,0.023,0.5,0.004,127
-7,2,49.6,1023.4,33,26,0.017,0.035,0.5,0.004,97
-5.2,1.5,50.6,1023.4,49,41,0.01,0.053,0.9,0.005,113
-1.3,2.2,64.4,1015.8,65,56,0.008,0.064,1,0.005,117
-2.6,3.4,47.3,1016.5,93,18,0.028,0.014,0.4,0.003,2
-1.6,1.7,38,1016,28,10,0.012,0.036,0.5,0.003,2
-4.8,3.3,61.4,1014.4,44,35,0.029,0.014,0.5,0.003,16
-5.4,1.7,44.8,1018.2,27,19,0.012,0.038,0.5,0.003,112
-4,2.5,44.5,1018.2,32,21,0.02,0.033,0.6,0.004,292
-2.7,2.7,52.9,1019.4,29,16,0.018,0.035,0.5,0.004,98
1.5,1.5,65.4,1016,63,48,0.02,0.05,0.8,0.005,101
0.9,1.6,69.4,1010.3,92,78,0.004,0.071,1.2,0.005,53
1.2,2.1,75.3,1003,80,69,0.007,0.051,0.9,0.004,2
-1.7,3,51,1011.5,33,24,0.028,0.023,0.4,0.004,114
-2,1.5,45.4,1014.4,36,24,0.009,0.045,0.6,0.004,87
-2.2,2,50.1,1008.4,49,34,0.009,0.046,0.8,0.005,86
-5.3,3.8,47,1005.1,43,17,0.026,0.018,0.4,0.004,80
-6.6,4.1,44.3,1007.5,29,16,0.027,0.016,0.4,0.004,84
-4.8,2.8,45.4,1013.5,27,16,0.025,0.019,0.4,0.004,44
-2.2,2.1,51.3,1017.8,28,17,0.022,0.028,0.5,0.004,2
0.1,1.6,59.6,1019.5,40,30,0.008,0.056,0.8,0.005,116
0.3,2.5,46,1021.8,44,31,0.027,0.031,0.5,0.005,86
1.8,1.4,52.1,1018.9,59,46,0.007,0.071,1.1,0.008,112
5.5,2,63.9,1009,69,52,0.011,0.067,1.2,0.007,88
0.8,3.9,56.9,1010.8,40,16,0.031,0.016,0.3,0.004,87
-2.6,2.8,49.4,1014.9,28,15,0.029,0.021,0.4,0.004,42
-1.5,4.2,53.8,1007.1,37,19,0.032,0.018,0.4,0.003,117
-0.6,1.6,37.1,1018.4,42,28,0.013,0.048,0.7,0.004,95
1.7,2.7,70.8,1005.6,36,28,0.008,0.045,0.6,0.003,89
-1.5,3.8,56.4,1008.4,32,20,0.035,0.017,0.4,0.004,93
-0.8,2.2,51.3,1013.4,27,16,0.025,0.033,0.5,0.005,96
2.6,2.3,63.6,1011.1,45,31,0.018,0.043,0.7,0.005,47
3.6,2.1,52.8,1014,44,32,0.025,0.029,0.6,0.004,3
3.7,1.8,37.4,1016.4,33,21,0.015,0.045,0.6,0.004,113
5.6,2,41.5,1013.9,40,28,0.014,0.057,0.8,0.006,100
5,1.8,65,1006,56,45,0.021,0.05,0.7,0.006,179
1.8,3.1,59.5,1005.2,33,23,0.031,0.021,0.4,0.003,101
3.3,2.1,54.4,1009.6,37,20,0.019,0.044,0.6,0.005,111
5.7,1.6,60,1008.4,50,36,0.016,0.052,0.8,0.005,56
5.2,2.1,71.6,1005.6,63,51,0.029,0.039,0.7,0.004,2
0.1,4,41.3,1006,33,25,0.034,0.018,0.5,0.004,113
-1.3,3.9,37.5,1006,29,19,0.036,0.017,0.4,0.004,83
-0.1,3.1,50.6,1003.9,38,18,0.029,0.026,0.6,0.004,86
3.2,3.1,47.3,1002.1,40,18,0.029,0.031,0.6,0.005,106
4.8,2.2,37.4,1008.7,40,25,0.025,0.04,0.6,0.005,97
7.3,1.8,37.4,1012.4,54,40,0.02,0.058,0.8,0.007,39
6.9,2.5,49.8,1007.9,54,41,0.037,0.025,0.6,0.004,115
5.8,3.2,37.5,1008.2,41,26,0.035,0.023,0.5,0.004,108
6.3,2.1,34.9,1012.3,34,21,0.023,0.038,0.6,0.004,77
6.2,1.9,41.8,1011.1,56,42,0.023,0.053,0.7,0.005,81
7.7,2,43.1,1012.9,68,53,0.024,0.057,0.8,0.005,99
9.5,2.3,34.1,1013.8,67,54,0.026,0.064,0.8,0.007,46
10.9,1.6,36,1014.9,68,56,0.031,0.047,0.8,0.005,1
10.2,1.8,40.4,1008.5,87,68,0.007,0.074,1,0.006,104
7.4,3.1,48.1,1005.8,89,66,0.032,0.034,0.7,0.006,95
7.6,2.5,32.8,1010.2,42,27,0.035,0.032,0.5,0.004,70
9.1,2.2,34,1009.8,64,42,0.029,0.046,0.7,0.005,94
8.7,2.1,41.4,1010.4,50,33,0.024,0.043,0.6,0.004,90
8.1,2.1,41.1,1008.8,60,44,0.025,0.044,0.6,0.005,29
7.3,2.2,53.1,1007.8,56,43,0.03,0.037,0.6,0.005,4
6.1,2.5,67.4,1009.3,69,56,0.033,0.036,0.9,0.004,90
7.1,1.9,59.8,1012.5,80,63,0.019,0.05,0.9,0.005,93
8.8,2.3,54.9,1012,57,42,0.037,0.036,0.6,0.004,75
10.6,1.9,50,1010.9,61,43,0.027,0.05,0.7,0.005,88
8.6,2.4,70.6,1007.8,47,32,0.022,0.042,0.6,0.004,87
9,2.1,60.5,1005.5,20,14,0.033,0.028,0.5,0.003,214
9,2.1,53.1,1008.1,43,33,0.034,0.035,0.6,0.004,1
11.4,2.1,45.6,1012.1,74,56,0.034,0.052,0.7,0.006,117
14.1,2,35.3,1013.1,71,54,0.026,0.062,0.8,0.006,105
12,2.4,66,1006.2,47,26,0.018,0.054,0.7,0.004,101
10.4,2.4,90,1001.9,24,16,0.025,0.031,0.5,0.003,85
14.5,2.1,68.1,1003.6,36,25,0.023,0.039,0.6,0.003,79
13,2.5,74.5,1002.2,57,43,0.021,0.044,0.7,0.004,42
14.8,2.8,59.6,1003.8,37,25,0.032,0.024,0.5,0.003,2
16.5,2.8,25.8,1001.5,24,14,0.033,0.033,0.5,0.003,105
15.3,3.2,36.8,995.9,47,22,0.036,0.033,0.5,0.004,86
11.5,3.7,21.8,1004.5,49,9,0.04,0.018,0.4,0.003,93
12.7,2.5,54,1005.9,63,27,0.037,0.035,0.6,0.005,87
13,3.5,57.9,1001.6,51,23,0.044,0.035,0.5,0.005,96
16.8,2.2,59.4,1003.5,61,32,0.046,0.036,0.6,0.006,51
18.7,1.4,52.9,1004.1,56,33,0.032,0.047,0.7,0.006,1
14.7,2.2,66.5,992.1,40,24,0.025,0.047,0.7,0.004,123
11.7,2.5,76.5,988.8,38,21,0.023,0.038,0.6,0.003,102
12.6,2.9,43.1,999.9,68,13,0.033,0.023,0.4,0.003,91
12.9,2.3,45.4,1002.2,70,19,0.031,0.038,0.5,0.004,80
13.1,2,56.5,1000.9,61,21,0.028,0.045,0.6,0.004,90
14.8,2.1,48.4,1002.8,74,33,0.007,0.053,0.8,0.004,42
15.1,2.7,39.4,1008.5,45,17,0.057,0.03,0.5,0.004,119
16,2.7,56.8,1008.1,55,29,0.047,0.035,0.5,0.005,78
15.1,3.3,36,1005.6,38,15,0.042,0.019,0.4,0.003,82
13.6,3.3,41.8,1001.4,38,12,0.04,0.024,0.5,0.004,91
14.4,3,57.3,995,57,24,0.036,0.036,0.7,0.007,90
17.1,2.7,44.3,996.5,60,29,0.04,0.037,0.6,0.006,46
20.1,1.9,50.8,1005.9,86,50,0.064,0.033,0.7,0.005,256
20.7,2.1,42,1011.1,90,49,0.045,0.05,0.7,0.005,127
21.5,2,34.1,1010.5,61,32,0.064,0.04,0.6,0.004,4
21,2,43.6,1006,57,32,0.038,0.043,0.6,0.005,83
20.9,3.2,53.4,1003.4,47,21,0.042,0.02,0.4,0.004,3
14.9,3.8,32,1005,159,17,0.041,0.022,0.3,0.004,49
16.6,3.2,42.6,1003.5,79,13,0.044,0.024,0.4,0.005,1
17.9,2.1,43.6,1003.6,153,36,0.046,0.043,0.6,0.008,129
17.1,1.6,62.6,1000.5,116,30,0.024,0.044,0.6,0.005,35
16.4,2.5,73,999.6,40,17,0.035,0.025,0.5,0.003,122
19.3,1.8,65.3,1001.1,67,31,0.034,0.044,0.6,0.005,106
19.1,2.1,71.6,998.7,73,44,0.036,0.047,0.7,0.007,108
16.4,3.1,77.8,995.6,45,24,0.042,0.03,0.5,0.004,42
16,2.8,61.4,1001.5,37,8,0.031,0.029,0.4,0.004,116
17.1,2,60.5,1000.6,31,13,0.03,0.033,0.4,0.005,116
18.6,2.1,51.5,1001.1,33,16,0.034,0.037,0.5,0.005,83
20.4,2.3,41.9,1005.5,42,25,0.045,0.043,0.6,0.006,88
21.1,2.6,42.6,1006.7,42,24,0.048,0.036,0.5,0.006,92
20.9,2.4,44,1005.7,33,19,0.045,0.033,0.5,0.007,39
21.5,2.3,48.1,1004.9,26,15,0.042,0.024,0.4,0.004,2
21.8,2,53.6,1003.8,38,25,0.036,0.03,0.4,0.004,110
20,1.9,68,1000.6,33,19,0.02,0.032,0.4,0.004,91
21.8,2,60.4,998,22,12,0.031,0.025,0.4,0.003,78
19.2,3.4,45.6,994.9,33,10,0.037,0.029,0.4,0.004,93
17.7,2.9,41.5,997.7,20,6,0.037,0.02,0.4,0.003,97
19.5,2.2,46.1,1001.7,28,12,0.043,0.029,0.4,0.004,48
22.9,2.3,61.8,1001.7,61,35,0.065,0.034,0.6,0.007,113
23.6,2.4,43.5,999.4,44,21,0.041,0.041,0.5,0.006,121
23.3,1.9,49.1,992.9,32,17,0.029,0.04,0.5,0.005,68
23.3,3.1,51.8,989.2,31,15,0.043,0.016,0.3,0.003,254
20.5,2.8,37.4,994,24,6,0.04,0.018,0.3,0.003,93
20.5,3,44,997.5,25,8,0.038,0.02,0.4,0.003,45
21.7,2.6,36.9,1001.4,23,7,0.045,0.018,0.3,0.003,4
24.2,1.9,33.3,1004.5,22,9,0.049,0.029,0.4,0.003,127
19.4,2.5,60,1002.6,17,7,0.041,0.022,0.4,0.003,3
17.6,2.4,91.4,994.7,15,8,0.026,0.026,0.5,0.002,96
20.1,2.8,67.3,999.7,39,25,0.057,0.027,0.6,0.003,105
21.2,3.3,69.8,996.8,58,38,0.055,0.032,0.7,0.005,115
21.5,2.3,46.8,996.9,42,20,0.048,0.023,0.4,0.003,47
22.1,2.8,45.5,1004.1,26,8,0.048,0.021,0.3,0.003,93
21.5,2.4,63,1004.1,30,14,0.033,0.023,0.4,0.003,109
21.8,2.8,63,1000.8,38,19,0.036,0.028,0.4,0.004,72
23.1,2.5,62.4,998.1,45,27,0.044,0.032,0.5,0.005,90
25.5,2.2,55.8,999.3,60,40,0.063,0.036,0.6,0.006,98
24.2,2.4,52.3,1000.5,44,30,0.065,0.029,0.5,0.006,41
24.3,2.3,52,1000.2,37,25,0.05,0.027,0.5,0.004,4
24.8,1.8,50.9,999.4,46,31,0.037,0.04,0.5,0.004,131
26,2.1,43.4,995,42,30,0.048,0.036,0.5,0.003,87
25.4,2.9,52.6,995.6,47,33,0.039,0.029,0.4,0.004,82
25.3,2.5,57.3,998.7,33,23,0.032,0.027,0.4,0.003,86
26.7,2,53,996.2,37,22,0.039,0.038,0.5,0.003,98
24.5,1.2,60.4,993.3,33,21,0.023,0.047,0.5,0.005,42
23.8,1.5,75.4,992.6,31,22,0.039,0.029,0.5,0.003,2
23.1,2.2,76.9,997.3,22,14,0.039,0.025,0.4,0.002,125
25.2,2.2,67.5,999.7,25,16,0.044,0.026,0.5,0.003,103
26,2.1,63.5,1001.9,42,33,0.045,0.032,0.5,0.004,92
26.2,2.2,64.8,1001.1,44,35,0.039,0.033,0.5,0.004,87
25.9,2.2,65.9,998.2,48,37,0.044,0.027,0.5,0.003,86
25.3,2,73.6,997.4,38,29,0.038,0.025,0.5,0.003,216
24.3,2.5,90.5,996.8,26,17,0.019,0.02,0.3,0.003,1
24.7,3.5,87.6,995.7,22,13,0.025,0.024,0.4,0.003,121
26.7,2,74.5,996,34,24,0.035,0.026,0.4,0.004,97
27.4,1.5,66.9,1000,35,26,0.044,0.029,0.5,0.004,75
27.6,1.7,72.3,1000.1,41,31,0.049,0.037,0.6,0.004,91
26.4,2,80.8,997.7,21,11,0.014,0.03,0.4,0.003,99
26,2.6,83.3,996.5,26,15,0.019,0.024,0.4,0.003,37
26.3,1,88,996.3,26,17,0.022,0.026,0.5,0.003,1
24,2.3,96.5,991.1,13,7,0.012,0.028,0.4,0.003,115
26,2.1,81.4,997.2,38,26,0.036,0.029,0.5,0.003,78
27.1,2.3,75.9,1000.2,45,32,0.042,0.028,0.5,0.003,81
27.6,1.5,71,998,45,33,0.039,0.035,0.5,0.004,87
28.7,2.1,68.4,998,45,33,0.035,0.037,0.5,0.005,93
25,2.2,89,999.5,20,12,0.02,0.028,0.4,0.003,53
26.2,1.4,83.4,1001.8,17,9,0.02,0.022,0.4,0.003,2
26.8,2,77.3,1001.9,21,12,0.019,0.027,0.4,0.004,110
26.5,1.6,80.6,999.5,26,16,0.027,0.032,0.4,0.004,99
28.3,1.8,71.4,997.1,35,24,0.045,0.029,0.5,0.003,84
29.9,2.2,66.1,996.6,48,37,0.042,0.037,0.6,0.006,81
29.8,2.5,73.1,998.2,57,46,0.059,0.032,0.5,0.006,107
29.3,2.3,75.8,999.1,55,43,0.043,0.028,0.5,0.007,37
27,2.1,89.5,994.9,49,39,0.034,0.025,0.5,0.004,2
26.2,1.2,82.3,992.9,31,22,0.02,0.038,0.7,0.003,112
29.4,1.9,64.1,993.9,24,14,0.026,0.023,0.5,0.003,117
28.7,2.7,55.6,997.6,15,7,0.039,0.024,0.4,0.003,88
27.1,1.9,62.5,998.2,25,14,0.029,0.036,0.4,0.003,81
25.5,1.5,92.1,998,29,19,0.012,0.036,0.6,0.003,93
27.2,2.3,72.3,997.6,13,5,0.026,0.02,0.4,0.003,42
27.9,1.9,64.4,997.2,19,13,0.041,0.018,0.4,0.003,2
25.7,1.4,82.3,998.9,20,13,0.011,0.037,0.5,0.003,88
28.6,1.7,73,1000.1,20,11,0.026,0.03,0.5,0.003,263
30,1.3,71.9,997.4,33,23,0.044,0.036,0.6,0.003,71
30.2,2.2,60.6,995.2,24,14,0.035,0.029,0.4,0.003,93
30.3,2.1,60.1,995.5,25,16,0.048,0.024,0.4,0.004,100
31.4,1.9,63,993.4,28,19,0.042,0.024,0.4,0.003,43
29.8,1.9,71.9,990.9,23,17,0.035,0.019,0.4,0.003,1
29.2,2.4,68.1,989.7,32,21,0.051,0.019,0.4,0.003,119
28.2,1.9,67.1,989.8,40,27,0.052,0.027,0.5,0.004,97
27.6,2.3,66.4,988.1,32,22,0.041,0.022,0.5,0.003,112
24.8,2,89.9,991,6,3,0.026,0.018,0.4,0.003,87
27,2.3,72.5,996.4,10,5,0.024,0.023,0.4,0.003,92
27.8,2.1,60.3,1000.6,8,3,0.024,0.017,0.3,0.003,36
26.3,2.8,62.1,1000.4,8,3,0.02,0.013,0.3,0.003,1
24.6,3.6,67.5,996.2,7,3,0.012,0.014,0.3,0.002,107
21.9,3.6,93.8,993.2,5,3,0.01,0.014,0.3,0.002,2
23.3,3.7,80.5,995.5,6,3,0.013,0.015,0.3,0.003,102
24.8,2.1,77.1,998,9,4,0.014,0.024,0.4,0.003,118
26.3,1.3,75.6,1001,25,16,0.019,0.04,0.5,0.005,98
26.1,2,75.8,1001.9,22,12,0.027,0.024,0.5,0.003,61
23.2,2.9,95.6,998.6,9,4,0.02,0.018,0.3,0.002,1
25.8,2.4,81.5,997.1,12,6,0.017,0.024,0.4,0.003,125
27.3,1.9,70.6,1001.9,16,8,0.021,0.03,0.4,0.006,94
27.2,2.6,84.1,1001.3,21,9,0.005,0.027,0.5,0.005,97
26.5,4,85.3,996,22,7,0.015,0.023,0.4,0.004,78
25.3,1.7,61.9,998.6,25,11,0.022,0.035,0.6,0.005,98
24.2,2,54.5,1003.8,22,7,0.03,0.025,0.4,0.004,50
21.5,1.5,73.1,1001.5,27,14,0.017,0.037,0.5,0.004,107
19.5,3.2,51.4,1004.3,16,5,0.029,0.014,0.3,0.003,99
19.8,1.5,55.8,1003.9,21,8,0.017,0.032,0.5,0.004,73
22.2,1.6,62.4,1002.2,31,19,0.028,0.032,0.6,0.004,86
23.3,2.2,56,1002.6,20,11,0.027,0.024,0.5,0.003,264
23.8,1.8,59,1002.6,22,13,0.032,0.025,0.4,0.004,52
23.7,1.6,64,1004.8,25,18,0.043,0.023,0.4,0.004,1
24.6,1.6,53.8,1005.2,25,17,0.032,0.036,0.5,0.003,128
21.9,1.7,62.4,1001.8,20,12,0.013,0.038,0.5,0.003,89
20.6,1.2,75.5,998.6,23,16,0.012,0.04,0.6,0.003,111
22.4,1.4,73.3,997.9,34,26,0.036,0.027,0.6,0.004,78
24.3,1.7,67.5,1001.4,49,37,0.031,0.036,0.7,0.005,110
23.8,1.4,70.1,1003.2,53,40,0.038,0.035,0.7,0.004,43
23,1.4,74.3,1003.4,40,32,0.027,0.036,0.7,0.003,2
21.2,1.7,79.8,997.7,20,16,0.029,0.025,0.5,0.003,120
22.1,1.9,58.6,1003.6,20,12,0.024,0.03,0.5,0.003,104
21.4,1.9,49.3,1008.4,19,10,0.025,0.031,0.5,0.003,92
22.4,1.7,48.8,1009.3,22,12,0.024,0.031,0.5,0.004,77
22.6,3.6,48.4,1009,12,7,0.028,0.019,0.4,0.003,114
22,3.6,50.9,1004.5,8,4,0.027,0.014,0.3,0.003,56
21.9,2.1,62.8,998.3,17,9,0.028,0.024,0.4,0.003,130
22.6,3,79.1,998.8,54,36,0.048,0.031,0.7,0.004,95
19.5,2.4,48.9,1002.4,18,9,0.029,0.024,0.4,0.003,90
20.3,1.6,57.3,1004,25,15,0.026,0.042,0.5,0.004,105
20.6,2.1,60.8,1003,27,20,0.036,0.04,0.5,0.004,88
21.8,1.6,69.8,1005.4,48,26,0.031,0.038,0.6,0.005,59
22.4,2,71.5,1005.1,56,37,0.04,0.026,0.6,0.004,1
23.4,1.4,58,1004.8,39,26,0.03,0.04,0.6,0.003,122
25.1,1.9,57,1002.2,41,27,0.034,0.041,0.6,0.003,110
22.7,1.7,66.4,997.7,35,23,0.024,0.035,0.6,0.004,121
19.2,2.8,49.1,1000.5,19,9,0.029,0.019,0.4,0.003,123
17.4,2.2,39.3,1007.5,18,9,0.026,0.027,0.4,0.004,144
20,1.5,64.9,1011.1,30,19,0.023,0.041,0.6,0.005,59
18.2,2.3,74.8,1006.8,30,22,0.019,0.034,0.5,0.003,175
22,2.3,62.3,1001.3,16,11,0.032,0.017,0.4,0.003,82
16.7,1.8,48.5,1013.1,18,8,0.027,0.014,0.3,0.003,1
18.7,2.1,56.4,1013.1,12,7,0.026,0.017,0.3,0.003,3
18.9,2.3,66.4,1008.9,10,7,0.026,0.013,0.3,0.002,18
21.9,1.2,67.6,1009.7,8,5,0.025,0.02,0.4,0.002,24
23,1.4,66.9,1012,17,13,0.025,0.027,0.5,0.004,4
22.5,1.5,66,1011.4,22,17,0.028,0.03,0.4,0.005,11
21.4,1.3,76.9,1008.2,25,18,0.01,0.034,0.5,0.003,160
15.5,2.9,77.1,1008.1,10,7,0.022,0.014,0.4,0.002,117
11.4,2,71,1010.4,20,12,0.012,0.024,0.4,0.002,102
12.8,3.2,51,1012.1,27,16,0.018,0.028,0.5,0.002,110
15.8,1.7,42.5,1017.1,21,12,0.025,0.026,0.4,0.002,3
16.6,1.7,47.6,1016.4,28,17,0.017,0.034,0.5,0.003,128
16.2,1.3,47.1,1014.1,34,16,0.02,0.041,0.6,0.004,101
16.5,2.4,58.8,1012.9,26,15,0.019,0.032,0.4,0.003,97
17,1.8,58.3,1009.2,19,12,0.018,0.031,0.5,0.003,82
17,1.5,58.6,1008.8,28,20,0.013,0.045,0.6,0.004,73
17.6,1.3,52.8,1007.6,27,23,0.017,0.041,0.6,0.004,52
16.3,3.1,50.4,1004,27,13,0.029,0.019,0.4,0.004,2
13.7,1.4,47,1007.8,26,11,0.026,0.028,0.5,0.004,111
14.4,1.9,54.3,1013.6,31,17,0.017,0.039,0.5,0.004,97
14.4,1.5,59,1014.5,38,22,0.02,0.041,0.6,0.004,103
14.5,1.2,56.5,1011.3,48,30,0.013,0.052,0.7,0.004,96
16.9,1.2,54.4,1009.6,58,39,0.02,0.053,0.9,0.005,100
17.2,2,51.9,1009.8,44,28,0.023,0.045,0.7,0.004,42
11.5,3.3,45.6,1007.1,60,22,0.025,0.025,0.5,0.004,3
7.7,2.4,27.4,1015.1,35,13,0.024,0.022,0.2,0.004,117
10.4,1.8,54.3,1014.6,34,15,0.013,0.042,0.3,0.005,91
14.4,2.1,72.4,1010.4,42,23,0.015,0.046,0.3,0.005,255
15.5,1.6,78.8,1007.9,52,30,0.022,0.041,0.4,0.005,87
12.3,3.2,66,1009.3,40,27,0.03,0.025,0.5,0.005,78
7.8,2.5,47.9,1018.1,47,39,0.025,0.023,0.5,0.004,29
8.4,1.5,52.5,1018.3,40,30,0.013,0.039,0.6,0.005,1
11.4,1.5,64.5,1014.2,37,23,0.01,0.05,0.7,0.006,100
14.4,1.5,61.4,1010.4,43,29,0.005,0.059,0.8,0.005,105
13.1,3,53.3,1009.8,63,31,0.033,0.024,0.5,0.005,96
9.4,1.2,39.6,1013.5,48,27,0.01,0.048,0.8,0.005,78
9.8,3,56.3,1005.8,42,23,0.013,0.041,0.7,0.005,125
5.9,2.2,42.9,1011.1,69,12,0.02,0.02,0.4,0.004,41
5.3,1.4,57.1,1011.3,29,19,0.01,0.037,0.6,0.004,1
8.4,1.9,64.4,1006.7,40,26,0.006,0.048,0.7,0.005,111
7.5,2.4,42.5,1008.5,44,18,0.02,0.025,0.5,0.005,109
3.2,2.8,38.3,1011.3,23,11,0.02,0.021,0.4,0.005,99
1,1.5,30.3,1014.6,22,13,0.014,0.031,0.5,0.005,87
3,2.2,39.4,1009.2,37,24,0.003,0.049,0.8,0.006,93
-2.1,3.4,38.5,1013,37,22,0.024,0.013,0.4,0.005,51
-0.4,1.4,55.3,1016,35,21,0.011,0.039,0.7,0.006,114
1.3,1.4,55.6,1015.7,49,33,0.005,0.053,0.9,0.006,92
4.3,2.4,54.8,1007.8,63,33,0.012,0.043,0.8,0.006,100
0.9,2.1,49.3,1009.8,23,11,0.014,0.028,0.5,0.005,97
-0.4,1.8,62.5,1013.9,19,13,0.012,0.029,0.6,0.005,109
3,1.8,77.6,1012.6,25,15,0.004,0.049,0.8,0.005,47
6.4,1.1,64.1,1011.9,68,52,0.003,0.072,1.3,0.008,97
3.2,2.8,48.3,1015.3,73,25,0.014,0.033,0.7,0.006,87
-2.4,3.3,26.8,1018,16,8,0.024,0.019,0.4,0.005,75
-2.2,1.6,49.4,1019.9,22,12,0.013,0.036,0.6,0.005,257
1.9,1.7,59.9,1017.3,39,25,0.005,0.05,0.9,0.006,45
-1.2,3.4,48.1,1012.2,39,26,0.018,0.024,0.6,0.005,111
0.7,1.7,64.5,1012,46,33,0.012,0.037,0.8,0.006,93
-3.8,1.8,41.3,1013.2,29,21,0.015,0.025,0.5,0.005,87
-0.5,1,46.1,1009.6,37,25,0.004,0.052,0.9,0.006,38
1.1,2,67.9,1004,36,26,0.011,0.034,0.7,0.006,1
-7,3.5,40.5,1012.9,40,9,0.018,0.014,0.4,0.004,121
-9.4,2.1,41.9,1019.3,30,17,0.017,0.018,0.5,0.005,97
-8.7,1.7,42,1021.4,33,19,0.012,0.03,0.6,0.006,95
-6.6,0.9,42.9,1020.9,48,36,0.004,0.053,1,0.006,86
-3,1,52.6,1016,76,59,0.002,0.073,1.4,0.008,102
-5.7,3,43.1,1016.7,36,25,0.02,0.02,0.6,0.006,49
-6.7,1.9,38.1,1019.7,32,11,0.022,0.02,0.4,0.006,1
-1.6,1.2,80,1015.9,53,35,0.004,0.054,1.1,0.006,123
-3.9,2.1,49.4,1020.7,39,18,0.016,0.024,0.5,0.006,120
-3.9,1.1,68,1020,37,24,0.004,0.047,0.8,0.006,105
-0.9,1.2,71.4,1020.3,52,40,0.003,0.057,1.1,0.006,117
3.4,1.1,66.6,1015.3,55,43,0.004,0.066,1.4,0.008,118
6.1,1.1,75.8,1012,101,76,0.007,0.06,1.2,0.008,52
2.9,1.9,82,1003.2,70,56,0.017,0.04,1,0.006,3
-2.1,2.8,43.1,1012.2,25,15,0.023,0.021,0.5,0.006,3
-3.8,2.9,41.8,1014.7,24,12,0.018,0.026,0.5,0.005,154
-6.9,1.9,31.4,1019.3,26,14,0.014,0.028,0.5,0.006,117
-2.1,1.3,47,1019,40,27,0.005,0.046,0.8,0.006,90
2.1,1.1,67,1016.1,83,60,0.007,0.059,1.1,0.008,107
1.4,0.9,79.5,1013.9,112,88,0.003,0.059,1.3,0.006,49
-0.3,2.3,54.4,1012.8,54,34,0.024,0.02,0.6,0.006,1
-1.3,1.4,39.1,1016.8,34,17,0.015,0.03,0.6,0.007,160
-1.8,1.8,42,1018.1,35,22,0.01,0.043,0.9,0.007,119
-4.7,2.2,42.3,1019.9,31,19,0.016,0.025,0.6,0.007,118
-4.7,1.4,43,1016.5,39,24,0.01,0.037,0.7,0.007,85
-3,1.7,48.4,1010.3,51,34,0.007,0.048,0.8,0.007,97
-2.8,1.5,45.8,1012.9,38,27,0.016,0.035,0.7,0.007,49
-0.8,0.8,42.1,1010.7,47,36,0.004,0.054,1,0.007,2
1.3,1.8,51.9,1000.6,49,37,0.007,0.052,0.9,0.007,114
-4.2,2.9,59.4,1002.8,35,18,0.022,0.022,0.5,0.006,110
-7.5,3,52,1007.9,27,13,0.022,0.019,0.4,0.006,89
-11.1,2.8,49.8,1015.9,29,22,0.018,0.02,0.5,0.006,75
-10.2,1.7,35.4,1020.6,22,15,0.016,0.031,0.5,0.006,88
-4.4,0.8,67.3,1021.1,49,38,0.003,0.056,1,0.006,44
4.7,1.4,63.9,1012.8,65,46,0.01,0.054,0.9,0.007,109
3.5,0.7,59.1,1007.6,98,74,0.004,0.074,1.5,0.008,99
4.5,1.2,64.1,1007.2,99,77,0.008,0.057,1.1,0.008,79
2.1,1.9,59.6,1012.9,79,55,0.014,0.04,0.9,0.007,86
1,1.6,43,1013.5,51,27,0.016,0.039,0.7,0.007,76
2.2,1.6,57.6,1012,87,56,0.013,0.053,1.1,0.009,50
0.4,1,36.6,1012.7,51,33,0.014,0.04,0.7,0.006,1
0.2,1.5,56.5,1005.2,40,25,0.008,0.046,0.8,0.006,125
-11.7,3.7,42,1013.4,21,12,0.027,0.015,0.4,0.005,86
-14.2,3.4,31.6,1018.3,26,10,0.027,0.015,0.4,0.006,80
-14,2.8,32.6,1019.1,22,12,0.026,0.017,0.4,0.006,74
-14.8,2.6,34.9,1018.9,28,18,0.024,0.02,0.5,0.006,84
-9.9,1.4,37.4,1017.8,37,26,0.009,0.043,0.7,0.006,50
-6.3,2.6,36,1011.6,26,17,0.028,0.02,0.5,0.006,2
-8.5,2.7,35,1013,39,15,0.025,0.02,0.5,0.007,96
-5.3,1.3,62,1014.7,36,20,0.008,0.045,0.8,0.007,124
-2.6,1.6,54.5,1016.6,35,18,0.011,0.036,0.6,0.006,86
-4,1.6,44.1,1018.3,34,21,0.013,0.038,0.7,0.006,243
-2.4,1.6,51.1,1017.5,48,31,0.008,0.053,0.9,0.007,92
-7.3,3.8,47,1017.2,31,19,0.026,0.017,0.5,0.006,45
-9.4,3,37.8,1015.1,24,15,0.025,0.019,0.5,0.006,117
-10.1,3.1,36.5,1014.4,27,18,0.025,0.019,0.5,0.006,113
-8,1.5,39.8,1015.4,34,23,0.015,0.037,0.6,0.006,83
-4.4,1.2,43.3,1014,45,32,0.006,0.058,1,0.007,100
0.4,1.1,43.9,1011.8,62,48,0.005,0.067,1.2,0.008,109
-0.5,3,47.4,1010.9,65,38,0.023,0.031,0.6,0.007,52
-6.1,2.7,42.5,1011.3,45,13,0.03,0.017,0.4,0.006,1
-5.8,2.7,40.8,1011,42,13,0.024,0.024,0.5,0.006,120
-0.8,2.7,54.5,1011,43,14,0.019,0.033,0.6,0.007,124
3.5,2.6,51,1006.3,59,27,0.025,0.035,0.7,0.007,89
-0.7,2.5,28,1011.5,32,14,0.031,0.016,0.5,0.006,2
-1.1,2.1,40.1,1008.1,38,19,0.024,0.028,0.6,0.006,3
-3,2.9,25.6,1014.1,42,10,0.031,0.013,0.4,0.006,3
-0.4,1.3,26.9,1015.5,30,14,0.023,0.026,0.6,0.007,1
1.8,1.5,48.6,1013.3,52,34,0.011,0.05,0.9,0.007,118
0.9,2.5,41,1012.8,50,32,0.022,0.034,0.7,0.006,138
-0.9,2.3,31.5,1013.4,32,17,0.029,0.024,0.5,0.006,98
1.3,2.2,59,1010.6,41,25,0.022,0.039,0.7,0.007,88
4.2,1.9,81.1,1010.1,79,55,0.022,0.04,0.9,0.006,100
2.4,2.1,49.4,1016.8,67,46,0.025,0.03,0.7,0.006,49
3.1,1.4,43.1,1013.9,56,37,0.011,0.061,0.9,0.009,102
4.2,0.9,48.8,1012.5,83,55,0.003,0.081,1.4,0.011,117
4.6,2,73.3,1000.1,64,41,0.011,0.05,1,0.007,92
-0.2,3.8,61.9,1001.1,35,26,0.037,0.019,0.6,0.005,157
-0.7,1.5,34,1007.5,58,24,0.019,0.042,0.6,0.007,117
7.9,1.5,38.1,1003.7,51,25,0.015,0.05,0.8,0.008,47
5.5,2,67.5,1007.9,8,5,0.033,0.021,0.5,0.005,109
4.5,1.6,46.8,1018.8,26,15,0.021,0.034,0.6,0.006,120
6.4,1.8,54,1016.7,25,14,0.025,0.028,0.5,0.005,111
4.6,1.9,76,1009.3,30,24,0.027,0.023,0.6,0.005,86
4.5,1.5,63.3,1012.6,40,31,0.019,0.037,0.7,0.006,102
4.6,2,65.8,1013.4,42,31,0.02,0.041,0.7,0.008,40
6.4,2,51.3,1014.7,51,34,0.035,0.027,0.5,0.006,3
8,1.4,45.8,1011.8,81,53,0.018,0.061,1,0.008,130
12.4,1.8,60.5,1008.3,57,36,0.023,0.051,0.9,0.008,93
17,2.3,58.8,1008.5,22,11,0.028,0.031,0.5,0.007,80
12.4,2.1,92.1,1003.3,18,12,0.016,0.031,0.5,0.005,75
7.1,1.9,46.9,1014.1,12,6,0.036,0.017,0.5,0.005,99
6.6,1.5,48,1016.6,27,16,0.025,0.031,0.5,0.005,35
8,2.5,64.5,1006.2,30,22,0.029,0.027,0.6,0.005,112
4.7,3.4,39.9,1013,17,7,0.042,0.013,0.4,0.005,104
2.1,1.7,64.1,1007.5,13,6,0.034,0.02,0.4,0.004,99
4.9,2.2,61.5,1004.4,39,24,0.027,0.034,0.6,0.006,112
6.1,2,55.3,1009.1,61,45,0.034,0.043,0.7,0.007,87
7.6,2.1,61.9,1011.8,104,77,0.037,0.051,0.9,0.008,53
9.6,1.7,65.6,1014,115,87,0.039,0.044,0.9,0.007,1
11,1.9,64.5,1011.3,106,66,0.024,0.061,1,0.008,109
13.3,1.6,61.1,1007.3,84,50,0.032,0.055,0.9,0.009,93
14,2.2,66.4,1006.6,50,32,0.032,0.04,0.7,0.008,84
15.4,1.6,66.3,1009.6,53,34,0.03,0.036,0.6,0.007,78
14.8,1.7,55.6,1012.7,56,32,0.027,0.042,0.6,0.006,77
14,1.9,52.9,1009.9,50,26,0.034,0.04,0.6,0.008,38
15.6,1.5,68.8,1006.3,58,27,0.031,0.032,0.5,0.007,151
18.4,1.9,64,1005.4,60,24,0.03,0.033,0.5,0.007,121
17.8,2.1,72.9,1006.4,59,17,0.02,0.033,0.5,0.007,97
13.4,1.9,67,1007.4,11,5,0.031,0.02,0.5,0.005,104
7.6,2,90.6,1005.7,6,4,0.023,0.025,0.5,0.005,93
5.8,3.1,71.6,1001,103,21,0.029,0.022,0.5,0.005,94
4.2,4.1,45.5,1003.4,42,20,0.04,0.014,0.4,0.005,44
3.9,1.8,59.6,1004.7,22,13,0.035,0.021,0.5,0.005,1
7.9,1.1,57.9,1007.5,33,22,0.014,0.046,0.7,0.005,124
15.1,3.5,51,1000,36,18,0.029,0.035,0.6,0.006,98
12.6,3,49.4,1000.8,52,20,0.034,0.028,0.5,0.006,99
13.3,2.6,30.5,1007.7,39,14,0.03,0.032,0.5,0.007,84
14.6,1.3,22.9,1011.8,29,13,0.029,0.034,0.6,0.005,86
9,1.8,78.8,999.5,18,11,0.038,0.018,0.4,0.005,35
9.5,2.4,65.5,1002.3,59,17,0.037,0.017,0.5,0.005,2
11.6,1.6,41.9,1009.3,32,20,0.034,0.029,0.6,0.005,106
12.9,1.9,37.9,1009.5,50,25,0.03,0.045,0.7,0.006,92
12.4,1.9,35.4,1007.4,59,27,0.039,0.042,0.6,0.006,111
14,1.9,38.8,1007.8,72,34,0.037,0.055,0.7,0.009,95
18.4,1.3,46,1009.3,91,46,0.042,0.064,0.9,0.009,85
18.7,1.9,32,1008.1,64,35,0.027,0.058,0.8,0.008,48
15.5,1.1,57.4,1007.9,32,18,0.03,0.032,0.5,0.006,1
9.3,2.2,93.9,1005,9,6,0.045,0.016,0.4,0.005,95
12.1,1.4,63.3,1001.6,7,4,0.039,0.02,0.5,0.005,101
14.6,1.5,37.8,1003.2,30,22,0.028,0.04,0.6,0.006,102
14.9,2.1,51.9,1003.7,38,26,0.036,0.044,0.6,0.007,90
15.7,1.7,52.9,1004.2,49,34,0.04,0.044,0.6,0.008,78
15.4,2,49,1006.2,55,34,0.038,0.042,0.6,0.007,48
16.2,1.9,43.1,1003.4,48,28,0.057,0.033,0.6,0.007,2
19.2,1.6,61.6,1004.4,70,47,0.055,0.035,0.7,0.008,121
20.4,1.5,72.8,1003.5,53,36,0.042,0.025,0.6,0.005,228
15.1,1.9,90.4,994.9,39,29,0.026,0.03,0.7,0.005,109
11.2,2.7,62.4,997.4,24,12,0.039,0.022,0.5,0.005,118
14.1,2.7,45.5,1001.5,37,15,0.045,0.028,0.5,0.006,88
18.3,2.6,46.8,1004.7,34,17,0.063,0.024,0.4,0.007,4
16.6,1.1,86.4,997.7,13,8,0.045,0.018,0.4,0.005,1
19.2,1.2,60.3,996.5,31,16,0.027,0.034,0.6,0.005,27
17.5,1.7,50.9,1003.9,15,6,0.048,0.014,0.4,0.005,135
15.7,1.7,50.4,1010.6,19,7,0.043,0.019,0.4,0.005,103
15.4,2.3,67.4,1012.1,35,18,0.041,0.031,0.5,0.006,85
16.1,1.8,59.8,1008.2,51,29,0.049,0.034,0.5,0.005,97
14.2,0.9,89.3,999.8,27,17,0.02,0.045,0.6,0.005,42
15.8,1.9,82.5,998.3,19,12,0.031,0.023,0.5,0.005,2
18.2,1.4,71.4,1001.3,60,39,0.034,0.04,0.7,0.006,112
23.2,1.1,56.4,1000,65,46,0.036,0.05,0.8,0.007,98
22.3,1.9,93.8,995.1,33,22,0.007,0.037,0.6,0.005,76
20.9,1.4,97,994,13,8,0.011,0.032,0.6,0.005,88
16.3,1.3,86.8,996.2,10,4,0.016,0.022,0.5,0.005,107
17.6,1.5,47.5,1005.9,9,4,0.037,0.016,0.3,0.005,48
17.8,1.4,43.9,1007.9,17,9,0.039,0.024,0.4,0.005,125
18.1,1.1,75.5,1002,30,19,0.028,0.031,0.5,0.005,2
17.3,2.5,57.1,998.4,37,9,0.045,0.018,0.4,0.005,115
18.3,2.2,47.4,999.5,85,20,0.045,0.034,0.6,0.007,86
19.7,1.8,47.4,998.5,83,30,0.051,0.039,0.7,0.007,96
21.8,1.4,50.1,998.8,72,35,0.062,0.041,0.6,0.005,50
20.3,1.7,47.4,1000.4,56,25,0.055,0.029,0.5,0.006,1
22.3,1.6,49.8,999.9,42,23,0.048,0.035,0.5,0.005,133
21.4,1.8,69.3,1001.2,35,23,0.036,0.03,0.4,0.005,100
20.2,1.9,69.8,1000,38,23,0.031,0.03,0.5,0.004,92
20.9,1.9,58.9,1001.4,38,21,0.035,0.031,0.5,0.004,101
23.8,1.9,50.4,1004.7,35,20,0.038,0.043,0.6,0.004,244
23.4,2,44.5,1005.1,36,21,0.036,0.044,0.5,0.005,49
24,1.6,39.4,1003,28,19,0.043,0.031,0.5,0.004,1
22.6,1.9,50.1,1002.6,36,24,0.03,0.04,0.5,0.005,125
23.7,1.7,52.5,1001.6,35,25,0.045,0.028,0.4,0.005,118
23,2,62.9,1002.1,40,28,0.038,0.027,0.4,0.005,3
22.2,2,69.3,1001.7,39,25,0.026,0.036,0.5,0.004,106
21.9,2.1,68,998.8,29,19,0.038,0.018,0.4,0.003,91
23.7,1.4,60.6,997.1,32,20,0.041,0.022,0.4,0.003,49
21.3,1.4,59.9,994.7,7,4,0.037,0.011,0.3,0.003,1
20.2,1.4,67.3,990.9,11,5,0.026,0.018,0.4,0.003,130
21.3,1.7,65.5,993,14,8,0.026,0.02,0.4,0.003,128
22,1.5,64,996.2,26,17,0.035,0.028,0.5,0.004,14
21.6,1.1,74.9,997.7,25,16,0.031,0.025,0.5,0.004,92
21.7,1.4,60.8,1001,12,7,0.033,0.015,0.4,0.003,105
22.5,1.4,56.4,1002.1,19,10,0.042,0.018,0.3,0.003,45
24.8,1.5,54.9,996.9,36,24,0.041,0.035,0.5,0.004,120
22.4,1.8,61.3,994.8,35,23,0.031,0.039,0.5,0.006,104
22.7,2.3,68.1,994,36,24,0.04,0.02,0.4,0.003,95
23.7,2.2,60.1,997.1,31,20,0.045,0.02,0.4,0.003,92
25,1.8,45.1,998.3,34,20,0.049,0.033,0.5,0.004,89
24.5,2,50.6,994.8,34,20,0.047,0.032,0.5,0.006,40
25.2,1.9,62.8,998.1,51,31,0.058,0.023,0.5,0.005,1
27.1,1.2,57.1,1000.2,50,29,0.058,0.04,0.6,0.005,114
22.3,2.4,88.3,993.7,44,27,0.035,0.033,0.6,0.005,93
22.3,2,81.9,992.3,24,16,0.04,0.028,0.5,0.004,96
23.3,1.1,85.1,989.6,21,14,0.023,0.035,0.6,0.004,85
24.7,1.5,78.5,993.1,33,25,0.037,0.036,0.6,0.004,77
24.4,0.9,83.8,999.6,49,33,0.024,0.038,0.6,0.004,52
21.9,0.8,94.6,999.3,11,8,0.017,0.022,0.3,0.003,156
22.6,0.7,95.4,997.5,10,7,0.018,0.035,0.5,0.003,106
27.4,0.8,74.4,990.1,12,8,0.012,0.02,0.4,0.003,83
27.3,1.7,69.6,988.1,21,15,0.02,0.027,0.4,0.004,109
25.3,1.2,72.8,993.3,16,15,0.019,0.02,0.4,0.003,76
23.9,1.8,57.8,998.2,6,3,0.021,0.011,0.3,0.003,111
23.7,1.6,51.4,1000.3,7,5,0.028,0.011,0.3,0.003,31
23.3,1.5,51.5,1002.4,11,8,0.032,0.013,0.3,0.002,2
20.8,1.1,82.3,1004.9,9,7,0.01,0.017,0.3,0.001,124
23.7,0.7,87.8,1004.4,20,14,0.005,0.03,0.5,0.001,104
26.8,1.3,82.9,1004.9,34,23,0.007,0.027,0.6,0.001,79
26.6,1.5,82.4,1003.4,28,18,0.005,0.021,0.4,0.001,102
27.3,1.8,74.8,1002.4,22,17,0.012,0.022,0.3,0.001,108
27.9,1.9,69.6,1001.4,20,15,0.014,0.02,0.3,0.001,44
28.3,1.6,69.6,1002.3,23,18,0.026,0.014,0.3,0.001,4
28.7,1.7,64.3,1002.4,24,20,0.022,0.023,0.3,0.004,106
28.1,1.7,66.5,1002.2,28,25,0.015,0.022,0.3,0.005,99
28.2,1.6,64.8,1001.9,33,29,0.018,0.024,0.4,0.004,83
28.7,1.6,64.1,1001.1,29,23,0.022,0.02,0.3,0.003,86
29.5,1.5,62.6,999.4,35,28,0.035,0.031,0.4,0.005,99
30.6,1.5,53.6,999,35,27,0.043,0.032,0.4,0.005,48
31.8,1.4,49.6,998.6,29,22,0.046,0.019,0.4,0.003,3
31.7,1.8,53.8,999,31,24,0.037,0.024,0.4,0.006,103
31.4,1.6,59.5,997.4,40,33,0.061,0.028,0.4,0.005,96
30.1,2.4,66.3,997.5,32,24,0.028,0.021,0.4,0.005,96
30.1,1.5,68.8,997.5,40,29,0.028,0.026,0.4,0.005,98
30.9,1.9,69.3,997.2,43,30,0.034,0.024,0.4,0.004,85
29.5,1.2,77.1,996.1,31,21,0.022,0.03,0.4,0.003,49
31.3,1.2,52.4,994.2,17,12,0.026,0.012,0.3,0.003,1
31.7,1.2,50.9,994.3,9,6,0.026,0.015,0.3,0.003,105
32.6,1.5,50.5,994.7,16,10,0.042,0.019,0.4,0.003,94
33.6,1.7,55.5,993.4,30,17,0.049,0.024,0.4,0.003,235
33.7,1.6,54.4,995.6,36,25,0.061,0.029,0.5,0.004,72
33.1,1.9,55.3,997.4,40,30,0.061,0.027,0.5,0.005,84
31.1,2.4,60.6,998.2,24,16,0.037,0.015,0.3,0.004,35
30,2.6,71.8,997.6,24,15,0.029,0.009,0.3,0.004,2
30.5,1.6,71.6,996.8,27,17,0.029,0.022,0.4,0.004,108
30.5,1.5,63.4,997.2,17,11,0.033,0.02,0.4,0.004,122
31,2.1,64.8,996.8,23,15,0.024,0.018,0.3,0.003,82
28.8,1.5,76.3,994.5,23,16,0.02,0.023,0.4,0.004,78
30.7,1.4,60.9,993.6,15,9,0.028,0.017,0.4,0.003,106
31,1.5,55.8,995.3,9,5,0.033,0.018,0.3,0.003,38
30.6,1.5,61.3,997.4,14,9,0.036,0.017,0.3,0.003,2
30.5,1.4,68.6,1000.4,29,20,0.028,0.023,0.4,0.004,118
31.7,1.3,58.3,1000,24,15,0.025,0.025,0.4,0.004,107
31.7,1.2,59.5,997.3,26,18,0.035,0.022,0.4,0.003,2
29.9,1.7,51,999.6,14,8,0.025,0.014,0.3,0.003,106
27.2,1.8,39.8,1002.4,12,5,0.029,0.014,0.3,0.003,78
26.7,1.4,44.6,1001.1,14,6,0.035,0.017,0.3,0.003,53
28.2,1.2,50.6,999.8,20,12,0.045,0.019,0.4,0.003,2
29.1,2,55.6,995.3,31,20,0.042,0.028,0.5,0.004,119
26.6,2.5,71.4,993.9,21,12,0.028,0.025,0.4,0.003,108
30.7,1.1,54.1,994.7,20,12,0.031,0.026,0.4,0.003,91
29.4,1.7,59.1,990.2,11,6,0.015,0.013,0.3,0.003,103
24.4,2.5,86.3,987.5,8,5,0.019,0.018,0.4,0.003,81
25.2,2.6,68,999.2,21,12,0.038,0.021,0.4,0.004,47
22.7,0.8,91,1001.6,8,6,0.019,0.025,0.4,0.003,117
23.7,0.9,92.4,1001.5,10,6,0.006,0.025,0.5,0.003,104
25.2,2.4,86,999.1,13,7,0.007,0.021,0.4,0.003,78
25.3,1.8,80.9,999.2,25,17,0.021,0.031,0.5,0.004,92
25.6,1.6,67.4,1000.3,22,13,0.035,0.024,0.5,0.004,80
25.5,1.3,59.4,1001.5,16,9,0.025,0.021,0.4,0.003,206
25.1,1.5,55.8,999.2,12,7,0.033,0.017,0.3,0.003,3
23.3,1,85.3,991.9,14,8,0.015,0.029,0.5,0.003,119
23.2,2.2,69.4,988,14,8,0.03,0.019,0.4,0.003,120
24,2.5,63.5,992.9,24,10,0.039,0.022,0.4,0.004,82
24.1,2,69.9,994.2,31,17,0.044,0.03,0.5,0.004,110
22,2.5,54.6,995.7,23,13,0.044,0.019,0.4,0.003,118
21.7,1.7,48.8,1003.5,22,11,0.031,0.02,0.4,0.003,48
22.2,1.2,49,1006.4,19,10,0.033,0.019,0.4,0.003,4
22.9,1.6,49.5,1010.6,11,5,0.031,0.015,0.4,0.003,135
21.6,1.5,48.1,1010.8,12,5,0.029,0.017,0.3,0.003,106
22.8,1.4,52,1008.1,15,7,0.03,0.025,0.4,0.003,97
23.5,1.2,63.5,1007,18,9,0.021,0.029,0.4,0.003,95
23.5,1.3,66.9,1005.6,17,10,0.018,0.026,0.4,0.003,101
23.3,1,76,1004.4,11,6,0.019,0.027,0.4,0.003,49
22.2,1.7,83.6,1005.4,34,21,0.033,0.019,0.5,0.003,2
22.3,1.9,64.3,1007,23,14,0.03,0.021,0.5,0.003,135
22,1.2,59.8,1006.6,31,16,0.021,0.038,0.6,0.004,138
22.1,1,59.1,1004.1,34,18,0.022,0.042,0.7,0.004,120
19,1.8,82.4,1000.7,13,8,0.029,0.021,0.5,0.003,121
19.4,1.3,85.8,1000.3,8,4,0.023,0.024,0.5,0.003,129
20.8,1.8,62.3,1004.6,27,11,0.026,0.029,0.5,0.004,44
19.4,1.6,52.9,1005.8,26,10,0.03,0.021,0.5,0.004,2
17.8,1.1,48,1009.5,13,7,0.025,0.013,0.4,0.003,1
19.4,1.7,47.9,1009.8,8,5,0.029,0.012,0.3,0.003,15
18.9,1.3,47.6,1008.9,9,5,0.027,0.017,0.4,0.003,124
17.5,1.2,58.1,1008.5,13,7,0.018,0.025,0.4,0.003,124
20.2,1,55.5,1003.9,15,9,0.019,0.028,0.5,0.003,51
17.6,2.3,52.5,996.1,18,10,0.025,0.02,0.4,0.003,2
15.4,2.9,55.1,997.9,16,9,0.029,0.013,0.4,0.003,285
15.9,1.6,61.4,1007.1,21,12,0.024,0.025,0.5,0.003,151
17.3,1.3,58,1011.7,24,15,0.018,0.037,0.6,0.004,2
19.3,1.3,56.5,1013.5,19,11,0.023,0.028,0.5,0.003,156
16.9,1.7,84.1,1008.1,10,6,0.022,0.025,0.4,0.003,95
18,2.2,84,997.1,5,3,0.029,0.017,0.4,0.003,42
16.4,1.7,53.5,1006.6,23,10,0.027,0.018,0.5,0.003,4
14.8,1.1,47,1009.3,21,8,0.016,0.033,0.6,0.003,153
15.3,1.1,52.5,1005.9,23,12,0.011,0.037,0.6,0.004,4
12,2.5,61,1007.1,18,11,0.023,0.016,0.4,0.003,111
9.7,2.1,51,1012.5,17,9,0.017,0.015,0.4,0.003,109
10.9,1.3,54,1015.6,23,13,0.012,0.047,0.6,0.004,98
12.5,1,54,1015.2,29,18,0.012,0.049,0.6,0.003,55
13.2,1.5,60,1012.5,30,20,0.027,0.034,0.5,0.003,2
15.2,1.4,69.9,1009.9,49,32,0.033,0.037,0.7,0.004,127
14.5,1.3,55.9,1006.5,41,23,0.018,0.043,0.7,0.004,117
12.4,1.3,53.3,1005.8,32,17,0.014,0.044,0.6,0.004,85
12.7,1.1,59.5,1010,14,8,0.015,0.026,0.5,0.003,89
13.1,1.4,54.3,1014.9,19,10,0.017,0.031,0.5,0.003,108
13.4,1.2,53.9,1015.3,36,19,0.013,0.048,0.7,0.004,50
14,1,50,1009.9,43,29,0.015,0.061,0.8,0.005,106
12.2,1.1,75.1,1007.2,50,30,0.012,0.056,0.8,0.004,102
12.5,1.3,66,1010.5,39,17,0.014,0.038,0.7,0.003,88
13.8,0.9,55.5,1010.1,36,19,0.009,0.051,0.9,0.004,88
12.2,1.6,74.1,1001.6,32,17,0.011,0.044,0.7,0.004,80
8.7,3.2,49.6,1004.5,24,6,0.024,0.013,0.3,0.003,41
8.3,1.5,77.1,999.8,13,7,0.016,0.025,0.5,0.003,1
7.2,2,57.3,1004.3,16,8,0.017,0.02,0.5,0.003,136
6.1,1.6,51.3,1011.2,20,10,0.017,0.018,0.4,0.003,102
7.4,1.6,55.4,1013.1,21,12,0.016,0.023,0.5,0.003,112
8.4,1.3,53.4,1015.8,31,18,0.009,0.044,0.9,0.004,233
10.6,1.1,54.9,1017.3,39,24,0.007,0.058,1,0.004,89
11.2,1.3,56,1015,47,30,0.011,0.059,1,0.004,51
11.6,1.3,55,1012.2,40,27,0.016,0.048,0.9,0.004,2
11.9,1.1,65.5,1012.9,54,33,0.009,0.056,1,0.004,92
12.2,0.9,70.5,1014.7,90,62,0.004,0.071,1.2,0.005,115
12.8,1.1,79.5,1014,54,37,0.01,0.039,0.8,0.004,78
11.8,1.8,93.8,1002.5,9,5,0.013,0.029,0.6,0.003,81
12.1,3.1,69,1006.9,38,21,0.026,0.025,0.7,0.004,95
11.9,1.4,69.1,1013.4,70,40,0.022,0.035,0.8,0.005,49
8.1,1.1,67.6,1011.9,62,36,0.01,0.039,0.9,0.004,1
8.1,1.2,52.3,1009.6,27,15,0.013,0.038,0.7,0.004,135
8.8,1.1,51.6,1009.6,39,23,0.011,0.044,0.9,0.004,127
9.8,1.1,55.5,1012.9,31,20,0.01,0.045,0.8,0.004,97
9.7,1,55.4,1014.2,45,30,0.006,0.06,0.9,0.004,91
8.8,1.7,65.1,1011.6,54,36,0.013,0.046,1,0.004,99
4.9,1.4,50.8,1013.1,31,18,0.01,0.032,0.6,0.004,36
6.5,1.4,50.4,1012.2,55,29,0.011,0.044,1,0.004,95
6.5,1.8,39.9,1014.4,40,17,0.014,0.04,0.7,0.005,93
5.8,1.2,57.1,1013.9,30,15,0.012,0.037,0.6,0.004,83
2.3,2.4,35,1015.5,19,10,0.022,0.02,0.4,0.004,84
1.9,1.4,29.6,1017.9,24,11,0.011,0.039,0.7,0.004,95
2.6,1.8,71.1,1013.2,23,13,0.008,0.038,0.6,0.003,43
6.3,1,70.1,1014.3,58,38,0.005,0.054,1.2,0.004,137
7.1,1.5,65,1012.3,112,47,0.007,0.051,1.1,0.005,101
5,1.6,27.1,1014.3,107,19,0.014,0.032,0.6,0.004,78
3.5,1.3,41.4,1016.1,70,20,0.005,0.044,0.7,0.004,97
2.7,1.4,46.1,1016.5,58,20,0.007,0.045,0.7,0.004,98
5.5,1,42.3,1016.6,45,24,0.005,0.056,0.9,0.005,203
8.2,1.3,50.1,1013.1,46,22,0.007,0.046,0.8,0.004,3
11.5,1.4,87.4,1005.9,43,21,0.007,0.043,0.8,0.004,129
6.7,2.7,74.9,1009.1,32,15,0.013,0.023,0.6,0.003,109
0,1.5,39.5,1016.5,26,12,0.012,0.026,0.5,0.003,98
2.4,2.3,50.5,1012.9,36,16,0.012,0.029,0.6,0.004,93
-7.3,3.8,37.1,1021.6,22,9,0.024,0.012,0.4,0.003,87
-8.3,2.6,37.1,1022.9,22,9,0.024,0.012,0.4,0.003,48
-7.2,1.5,27,1025.7,21,10,0.02,0.02,0.5,0.003,2
-2.5,0.9,33.3,1023.5,32,18,0.007,0.048,0.9,0.003,119
0.2,1.2,44.8,1017.8,42,25,0.004,0.05,0.9,0.004,112
-1.9,2.2,39,1018.8,44,22,0.018,0.027,0.6,0.004,96
-2.2,2,57.4,1018.6,39,22,0.015,0.032,0.6,0.004,99
-4.4,1.7,44.3,1024.2,32,18,0.013,0.031,0.6,0.004,90
-2.4,1,46.8,1021.4,56,37,0.004,0.056,1,0.005,52
0,0.9,63.8,1010,55,39,0.003,0.056,1,0.005,2
1.6,1.8,60.1,1007.8,70,45,0.012,0.039,0.9,0.005,92
2.6,1.4,56.3,1009.4,44,23,0.007,0.053,0.9,0.005,103
4,1.4,53.4,1010.4,50,28,0.009,0.051,1,0.006,92
3.4,0.9,45.5,1012.8,56,37,0.005,0.06,1.1,0.006,90
5.6,1.1,40.1,1012.5,70,45,0.003,0.067,1.2,0.007,109
6.9,1.5,48.9,1012.5,81,56,0.011,0.059,1.1,0.007,60
2.4,2.9,43,1014.1,47,26,0.024,0.022,0.6,0.005,2
-2.3,1.6,35.9,1017,21,11,0.016,0.027,0.5,0.004,124
-1.5,2.8,40.8,1014.9,48,25,0.015,0.028,0.6,0.004,120
-10.1,3.5,28.3,1019.5,26,9,0.022,0.015,0.4,0.004,113
-10.5,2.5,33,1021.6,33,13,0.016,0.021,0.5,0.004,108
-7.6,2.9,29,1024.3,35,9,0.023,0.016,0.4,0.004,46
-6.8,1.2,35.9,1026.8,30,16,0.013,0.03,0.6,0.004,2
-5.4,1.2,39.6,1026.2,45,29,0.006,0.048,0.8,0.004,116
